REF_DATE;NUTS1;NUTS2;NUTS3;T;T_MAX;T_MIN;MEAN_T_MAX;MEAN_T_MIN;NUM_FROST;NUM_ICE;NUM_SUMMER;NUM_HEAT;P;P_MAX;P_MIN;SUN_H;NUM_CLEAR;NUM_CLOUD;REL_HUM;REL_HUM_MAX;REL_HUM_MIN;WIND_VEL;NUM_WIND_VEL60;WIND_VEL_MAX;PRECP_SUM;NUM_PRECP_01;STAT_NUM
195501;AT1;AT13;AT130;-1,6;8;-9,6;0,4;-3,6;26;14;0;0;990,4;1004,3;963,1;45;2;20;83;99;35;11,9;6;110;24;16;5901
195502;AT1;AT13;AT130;0;9,7;-8,4;2,9;-2,8;20;7;0;0;982,1;1000,7;964;57;1;17;75;100;43;11,5;10;96;37;16;5901
195503;AT1;AT13;AT130;2,4;22,2;-11,2;6,4;-1,2;21;3;0;0;991;1007,7;975,9;100;1;13;71;98;37;13,3;5;78;47;16;5901
195504;AT1;AT13;AT130;8,2;27,3;-1,5;13,1;3,6;4;0;1;0;994,4;1004,3;983,3;191;4;11;62;98;24;15,5;9;76;87;15;5901
195505;AT1;AT13;AT130;13,7;28,2;3;19,1;8,1;0;0;3;0;992,3;1003,7;978,9;240;1;9;61;91;29;14,8;10;104;43;14;5901
195506;AT1;AT13;AT130;17;28,2;7,1;21,8;12,8;0;0;4;0;991,9;1000;977,3;220;2;12;68;98;38;13,3;2;80;43;9;5901
195507;AT1;AT13;AT130;19,7;31,2;11,8;24,5;15,6;0;0;16;1;990,1;996,9;983,1;229;1;8;70;95;35;13;5;85;64;13;5901
195508;AT1;AT13;AT130;18,2;27,2;11,2;23,1;14,5;0;0;7;0;992,7;1001,5;984,8;195;1;7;77;94;36;12,2;2;87;138;16;5901
195509;AT1;AT13;AT130;15,3;27,6;6,2;20,5;11,2;0;0;6;0;993,7;1004,3;975,3;222;9;4;76;99;42;8,6;1;63;46;10;5901
195510;AT1;AT13;AT130;9,9;19;-2,8;13,7;6,8;2;0;0;0;992,2;1003,7;980,9;119;2;11;81;100;50;11,5;1;64;41;14;5901
195511;AT1;AT13;AT130;4,8;11;-4,4;6,4;3,1;4;0;0;0;996,2;1006,4;979,6;44;0;22;79;100;38;20,2;9;104;23;15;5901
195512;AT1;AT13;AT130;3,8;12,5;-4;6,4;1;11;1;0;0;989;1005,7;966,5;48;0;16;76;100;30;15,1;12;93;33;15;5901
195601;AT1;AT13;AT130;0,8;12,7;-16,3;4,1;-1,9;21;6;0;0;991,7;1009,5;976,5;110;3;11;75;98;36;13,3;6;80;20;9;5901
195602;AT1;AT13;AT130;-8,3;6,7;-22,6;-5,2;-11,7;28;26;0;0;992,6;1010,9;975,2;72;4;15;71;92;41;13,3;2;96;31;17;5901
195603;AT1;AT13;AT130;2,4;17,5;-6,7;5,8;-0,8;16;3;0;0;993,7;1005,2;978,7;130;3;17;71;97;20;20,9;12;124;54;14;5901
195604;AT1;AT13;AT130;9,3;24,3;-2,2;14,2;5;3;0;0;0;985,8;999,2;974,7;157;0;12;64;97;23;14,4;6;71;84;18;5901
195605;AT1;AT13;AT130;14,7;26,5;5;19,6;9,7;0;0;2;0;995,2;1006,3;986,1;261;7;5;64;92;28;14,4;4;71;37;9;5901
195606;AT1;AT13;AT130;16,6;27,6;5,7;21,1;12,4;0;0;5;0;991,8;998;985,9;201;2;11;70;95;42;17,6;6;84;96;16;5901
195607;AT1;AT13;AT130;20,3;30,5;12,4;25,6;15,3;0;0;20;1;990,8;1000;980,1;291;3;3;63;91;31;15,8;6;84;45;9;5901
195608;AT1;AT13;AT130;18,7;30,2;9;23,9;14,1;0;0;12;1;989,4;1004,1;976;232;3;8;68;99;35;11,9;8;98;54;15;5901
195609;AT1;AT13;AT130;16,6;31,6;4,3;22,4;11,4;0;0;7;1;994,8;1005,7;986,7;261;10;3;63;92;32;14;8;81;5;7;5901
195610;AT1;AT13;AT130;9,7;27,8;-0,5;14,2;6,4;1;0;1;0;995,9;1007,5;976,9;158;5;7;78;99;37;12,6;7;100;119;10;5901
195611;AT1;AT13;AT130;2,3;11;-8,8;4,5;0,1;14;4;0;0;994,9;1009,9;970,4;45;1;21;76;98;47;16,9;6;112;35;18;5901
195612;AT1;AT13;AT130;1,2;9,7;-9,3;2,9;-0,7;17;7;0;0;998,7;1008;990,3;19;0;21;82;100;56;16,9;7;116;41;20;5901
195701;AT1;AT13;AT130;-0,9;11,7;-13,7;1,5;-3,4;21;11;0;0;999;1009,6;982;52;3;19;79;98;46;11,9;6;86;39;16;5901
195702;AT1;AT13;AT130;4,1;13;-2,7;7,5;1,2;9;0;0;0;988,9;1006,4;964,9;61;1;16;77;98;33;12,2;10;106;58;15;5901
195703;AT1;AT13;AT130;7,4;23;-3,5;11,9;3,2;12;0;0;0;993,9;1008,9;981,3;154;5;11;66;97;27;13,7;7;102;48;13;5901
195704;AT1;AT13;AT130;10;25,4;-0,2;14,6;5,7;1;0;2;0;992,8;1003,6;969,5;180;5;10;65;95;17;11,9;0;56;27;13;5901
195705;AT1;AT13;AT130;12,4;26;1,3;17,6;7,9;0;0;2;0;990,7;998,1;981,5;228;3;9;59;94;26;13,7;5;81;12;5;5901
195706;AT1;AT13;AT130;20,2;32,1;7,7;25,9;14,6;0;0;22;2;992,6;1004,4;980,5;270;7;9;61;95;29;12,2;3;80;19;12;5901
195707;AT1;AT13;AT130;20,5;38,3;11,5;25,8;16,2;0;0;14;8;989,9;1001,1;979,6;217;7;9;67;95;18;17,3;4;88;130;15;5901
195708;AT1;AT13;AT130;17,9;28,3;8,1;23;13,2;0;0;11;0;992,1;1001,5;978,1;254;3;4;69;95;41;12,2;5;96;70;11;5901
195709;AT1;AT13;AT130;14;26,7;4,2;18,8;10,2;0;0;2;0;991,8;999,2;979,9;139;3;9;75;99;44;13,3;6;104;60;14;5901
195710;AT1;AT13;AT130;9,6;18,8;0,4;14,7;5,3;0;0;0;0;996,7;1003,5;979,6;179;11;4;78;99;34;7,9;1;70;5;5;5901
195711;AT1;AT13;AT130;5,9;18,4;-6,1;8,4;3,6;4;0;0;0;995,6;1011,5;979,7;52;0;17;80;99;42;14;4;79;55;11;5901
195712;AT1;AT13;AT130;1,6;13,3;-5,1;3,6;-0,5;18;9;0;0;992,7;1011,7;957,7;36;0;18;79;98;38;14;8;92;40;11;5901
195801;AT1;AT13;AT130;0,2;8,8;-10,1;3,3;-2,4;18;7;0;0;992;1014,9;964,5;77;6;14;74;97;43;13;5;105;34;12;5901
195802;AT1;AT13;AT130;3,5;18,5;-4;7,2;0,3;14;0;0;0;988,1;1006,7;971,2;63;0;14;73;98;37;19,1;14;133;57;15;5901
195803;AT1;AT13;AT130;0,5;12,7;-8,2;4;-2,7;26;2;0;0;986,9;1002,5;972,7;127;5;15;71;97;39;14,4;6;79;73;11;5901
195804;AT1;AT13;AT130;7,8;19,9;-2,9;12,1;3,8;4;0;0;0;990,4;1005,7;974,4;151;1;11;64;97;33;14,4;5;83;25;12;5901
195805;AT1;AT13;AT130;18,1;32,6;2,2;24,3;12,1;0;0;13;3;992,4;1006,1;972,7;260;4;4;62;94;25;12,2;7;79;18;7;5901
195806;AT1;AT13;AT130;17,1;29;7,8;22,1;12,1;0;0;5;0;989,5;1002,3;970,7;214;4;9;65;96;25;13;8;111;149;15;5901
195807;AT1;AT13;AT130;20,2;33;10,6;25,4;15,3;0;0;18;4;991,2;999,9;978,3;274;6;4;67;97;32;13;5;88;50;10;5901
195808;AT1;AT13;AT130;19,3;31,9;9,7;24,6;14,9;0;0;12;2;991,5;1001,3;977,3;247;5;7;73;97;40;10,1;3;86;99;14;5901
195809;AT1;AT13;AT130;15,7;27,5;6,5;20,9;11,4;0;0;4;0;995,4;1003,6;984;193;10;5;75;97;35;10,1;1;65;24;11;5901
195810;AT1;AT13;AT130;10,7;24,2;1,1;14,2;8,1;0;0;0;0;995,6;1009,9;975,3;86;1;13;82;100;53;12,6;8;97;66;18;5901
195811;AT1;AT13;AT130;5,7;12,2;-1,3;7,2;4,1;1;0;0;0;997,6;1013,9;983,2;14;0;26;89;100;61;8,6;0;50;27;21;5901
195812;AT1;AT13;AT130;2,6;12,5;-8,7;5,7;-0,1;12;2;0;0;985,4;1004,9;960;62;1;12;83;98;38;10,4;7;73;70;17;5901
195901;AT1;AT13;AT130;0,5;10,9;-6;3,3;-2;23;4;0;0;989,7;1009,3;972,4;76;1;11;73;98;45;13,3;10;95;25;14;5901
195902;AT1;AT13;AT130;0,2;15,1;-9,6;3,7;-3,1;21;11;0;0;1008;1020,3;988,8;103;5;10;74;94;30;11,2;3;74;19;6;5901
195903;AT1;AT13;AT130;7,7;20,3;-3,2;12,2;3,1;4;0;0;0;994,3;1003,9;977,2;128;6;9;71;97;36;9,4;1;70;35;9;5901
195904;AT1;AT13;AT130;11,1;23;-0,4;15,9;5,7;2;0;0;0;988,2;1002,9;969,3;194;2;12;63;95;22;14;5;73;87;11;5901
195905;AT1;AT13;AT130;14,7;25,2;3,6;19,8;9,5;0;0;2;0;991,1;999,3;983,3;238;2;8;66;96;30;11,9;4;88;46;13;5901
195906;AT1;AT13;AT130;17,6;29;8;22;12,6;0;0;8;0;993;1000,3;980,5;228;6;12;68;99;30;13;3;68;151;14;5901
195907;AT1;AT13;AT130;20,4;32,7;11,8;24,8;16,3;0;0;17;5;992;1001,3;981,3;216;6;11;71;96;32;13;3;74;151;16;5901
195908;AT1;AT13;AT130;18,9;28,8;8;23,9;14,5;0;0;14;0;992,8;1001,9;984;255;8;4;72;96;40;11,9;3;68;104;10;5901
195909;AT1;AT13;AT130;14,1;26,5;3,2;20;8,8;0;0;3;0;996,7;1007,6;986,8;243;13;2;67;97;34;7,9;0;59;5;3;5901
195910;AT1;AT13;AT130;9,5;20;-0,2;15,3;4,2;1;0;0;0;995,6;1006,5;965,9;197;11;5;68;97;33;11,2;5;85;11;5;5901
195911;AT1;AT13;AT130;4,9;12,6;-2,6;7,3;2,8;5;0;0;0;993,6;1008,5;978,1;59;2;18;83;98;48;10,4;0;51;59;9;5901
195912;AT1;AT13;AT130;3,2;12,9;-4,7;5,1;1,1;8;2;0;0;986,3;998,1;972,7;27;0;21;85;98;54;11,9;3;98;105;19;5901
196001;AT1;AT13;AT130;-0,9;8;-14,5;1,5;-3,4;19;10;0;0;992;1007,5;974,9;61;3;16;78;98;42;13,7;9;94;47;17;5901
196002;AT1;AT13;AT130;0,3;17,4;-14,3;4,4;-3,6;19;8;0;0;991,1;1016,4;968,1;118;6;12;70;98;22;9,7;5;85;8;7;5901
196003;AT1;AT13;AT130;5,5;18,9;-3,8;9,2;2;8;1;0;0;990,7;1005,1;976,9;95;1;17;74;98;36;14;5;78;41;12;5901
196004;AT1;AT13;AT130;10,3;21;1,4;14,7;5,9;0;0;0;0;991,8;1003,2;982,7;170;3;13;61;98;26;11,9;2;72;25;9;5901
196005;AT1;AT13;AT130;14,1;29,8;1,8;19;9,3;0;0;3;0;993,5;1002,9;981,9;209;1;10;67;96;31;10,1;4;80;54;14;5901
196006;AT1;AT13;AT130;18,1;29,3;10,2;23,2;13,7;0;0;8;0;993,5;1003,7;985,1;243;3;6;69;94;40;11,5;3;80;79;13;5901
196007;AT1;AT13;AT130;18,1;29;8,9;22,8;13,6;0;0;10;0;990,6;996;980;200;3;11;69;98;41;13,7;4;70;87;16;5901
196008;AT1;AT13;AT130;19;30,4;10,7;24,1;14,6;0;0;13;2;989,2;996,9;974,8;237;3;5;73;96;37;13,3;5;92;71;17;5901
196009;AT1;AT13;AT130;14,1;25,3;3,6;19;10,1;0;0;1;0;992,9;1003,5;983,2;175;6;7;75;99;42;11,9;3;63;52;11;5901
196010;AT1;AT13;AT130;11,1;23,1;2,7;15,1;7,6;0;0;0;0;985,6;999,7;976,4;122;0;10;78;99;41;12,6;7;78;63;15;5901
196011;AT1;AT13;AT130;7;16,9;1,7;10,2;4,2;0;0;0;0;989,7;1004,1;974,1;91;1;15;80;99;46;10,4;4;83;18;12;5901
196012;AT1;AT13;AT130;2,3;14;-3,8;4,5;0,3;15;1;0;0;987,5;1004,3;974,8;40;2;22;85;100;50;9,7;4;83;27;13;5901
196101;AT1;AT13;AT130;-2,1;12,3;-13,8;0,9;-4,9;25;15;0;0;995,3;1014,1;973,2;93;7;11;79;98;43;7,9;2;91;9;10;5901
196102;AT1;AT13;AT130;3,9;11,3;-4,2;7,1;1,2;8;0;0;0;999,1;1013,3;968,8;54;0;10;80;98;48;15,5;8;96;68;14;5901
196103;AT1;AT13;AT130;8,8;22,3;-0,1;13,3;4,9;1;0;0;0;997,7;1014;977,1;166;6;11;63;92;24;19,4;11;95;32;11;5901
196104;AT1;AT13;AT130;13,3;25,7;4,2;18,7;8,1;0;0;1;0;987,6;996,4;980;222;4;10;67;97;32;11,9;3;74;65;10;5901
196105;AT1;AT13;AT130;13,2;24,5;4,7;18,1;9;0;0;0;0;989,1;995,7;974,4;226;1;9;69;96;33;14;7;76;84;12;5901
196106;AT1;AT13;AT130;19,1;32,2;10,4;24,2;14;0;0;10;2;991,8;1006,4;978;279;4;4;64;91;24;12,6;5;70;48;8;5901
196107;AT1;AT13;AT130;18,5;32,5;9,1;23,9;13,3;0;0;10;4;991,9;1002,4;977,3;258;3;6;64;97;27;12,2;5;84;83;15;5901
196108;AT1;AT13;AT130;19,5;33,7;8,3;25,3;14,1;0;0;18;4;994,1;1003,3;984,3;271;8;4;64;91;30;11,5;3;70;28;10;5901
196109;AT1;AT13;AT130;17,7;30,5;6,7;24,7;11,8;0;0;13;1;995;1004,9;983,7;249;16;4;68;98;24;7,9;0;60;22;8;5901
196110;AT1;AT13;AT130;11,6;22,8;3;15,8;8,2;0;0;0;0;993,6;1005,9;965,3;140;6;10;77;99;39;10,4;2;66;59;12;5901
196111;AT1;AT13;AT130;4,4;14,9;-4,8;6,9;2,2;6;2;0;0;990,6;1012,5;976,7;53;2;19;84;98;50;10,4;2;68;61;13;5901
196112;AT1;AT13;AT130;-1;16,2;-15;2,1;-4,2;23;12;0;0;992,5;1014,1;979,6;53;1;14;78;98;45;14;5;88;52;16;5901
196201;AT1;AT13;AT130;1,1;14;-7,6;3,8;-1,4;22;5;0;0;995,1;1006;973,9;57;1;17;78;98;46;14,8;6;77;15;12;5901
196202;AT1;AT13;AT130;0,9;12,8;-9,8;3,6;-2;18;3;0;0;993,9;1008,9;964,5;60;0;16;71;100;37;19,8;13;107;39;15;5901
196203;AT1;AT13;AT130;1,8;20,4;-5,1;5,8;-1,4;22;2;0;0;986,3;1002,4;966,9;119;1;13;69;98;29;15,1;11;99;54;13;5901
196204;AT1;AT13;AT130;11,5;27,2;1,4;17,1;6,5;0;0;8;0;990,2;1000;964,8;185;5;12;58;93;23;14,8;8;77;64;9;5901
196205;AT1;AT13;AT130;12,7;27,5;1,4;17,8;8,3;0;0;1;0;990,7;997,7;977,5;196;0;13;72;98;33;12,6;8;82;52;21;5901
196206;AT1;AT13;AT130;16,1;32,2;4,7;21,6;11,4;0;0;11;2;995,6;1004,7;985,5;233;4;7;65;97;36;12,2;1;62;25;14;5901
196207;AT1;AT13;AT130;18,3;31,5;7,1;23,8;13,1;0;0;12;3;992,2;1000,5;982,5;253;6;6;65;97;32;10,1;2;96;52;15;5901
196208;AT1;AT13;AT130;20,7;34,1;8,8;27,2;14,8;0;0;21;8;993,5;1000,1;982,1;278;4;0;60;97;27;10,4;3;76;26;8;5901
196209;AT1;AT13;AT130;14,4;32,5;3,5;20,4;9,4;0;0;5;1;994;1003,3;982,7;211;9;4;71;99;32;11,2;3;72;25;9;5901
196210;AT1;AT13;AT130;10;23,4;0,3;15,6;5,6;0;0;0;0;997,7;1007,2;984,1;191;13;6;78;99;41;7,6;0;52;49;6;5901
196211;AT1;AT13;AT130;3,9;14;-2,6;5,6;2,1;10;0;0;0;991,8;1007,1;973,9;22;1;23;86;99;51;13,3;4;69;101;17;5901
196212;AT1;AT13;AT130;-3,2;8,2;-14,8;-0,8;-5,7;26;15;0;0;992,5;1018,4;953,9;57;1;11;79;98;28;10,8;3;93;42;14;5901
196301;AT1;AT13;AT130;-6;5;-16;-3,7;-8,1;30;25;0;0;995,3;1012,1;978,4;60;1;19;77;98;48;13;4;108;40;16;5901
196302;AT1;AT13;AT130;-4,4;3;-16,8;-1,4;-7,4;28;15;0;0;988;1012,5;971,3;79;3;13;78;97;36;9,7;4;97;22;8;5901
196303;AT1;AT13;AT130;3,1;15,3;-16;7,4;-0,8;16;2;0;0;992;1012,3;973,5;123;1;17;69;96;31;11,5;6;98;47;14;5901
196304;AT1;AT13;AT130;11,2;23,4;-2,5;16,3;6,5;2;0;0;0;989,6;1000,3;973,2;187;2;7;65;92;28;12,2;1;62;29;11;5901
196305;AT1;AT13;AT130;14,8;26;3,7;20;9,8;0;0;2;0;991,6;1000,3;978,4;250;1;7;69;96;36;10,4;2;68;70;15;5901
196306;AT1;AT13;AT130;18,7;31,5;7,2;23,7;14,1;0;0;13;1;990;996,4;979,5;246;3;7;68;95;32;11,9;5;89;53;13;5901
196307;AT1;AT13;AT130;21,4;33,7;9,3;27,3;15,7;0;0;24;9;993,9;1002,7;986,4;300;8;3;60;90;28;9,7;3;63;11;8;5901
196308;AT1;AT13;AT130;19,6;33,5;9;25,3;14,6;0;0;16;7;989;995,3;980,4;231;5;7;69;96;30;12,6;5;77;85;14;5901
196309;AT1;AT13;AT130;16,4;26,2;6,9;21,3;12,2;0;0;5;0;994;1002,3;984;174;4;8;77;98;34;11,5;3;73;49;11;5901
196310;AT1;AT13;AT130;9,9;20,8;-0,5;14,2;6,2;1;0;0;0;997,6;1006;981,7;144;6;8;77;98;44;11,9;1;70;24;9;5901
196311;AT1;AT13;AT130;7,8;19,3;-1,5;11,9;4,4;3;0;0;0;988,3;1004,3;973,9;75;1;13;81;100;38;12,6;8;95;30;12;5901
196312;AT1;AT13;AT130;-4,3;4,5;-16,7;-2,1;-6,6;30;21;0;0;997,5;1022,5;977,1;49;3;17;82;100;61;11,2;2;80;13;11;5901
196401;AT1;AT13;AT130;-4,7;4,4;-16,1;-2,1;-7,6;31;21;0;0;1007,3;1018;988;64;3;14;81;98;43;13;5;94;7;8;5901
196402;AT1;AT13;AT130;0,5;9,3;-11;3,4;-2;15;6;0;0;993,2;1011,1;977,7;96;6;17;73;97;44;20,2;11;87;29;13;5901
196403;AT1;AT13;AT130;1,2;14,6;-9,5;3,9;-1,5;21;6;0;0;990,6;1000,4;977,3;61;3;20;81;100;53;8,3;0;55;72;14;5901
196404;AT1;AT13;AT130;11,8;23,8;1,6;16,5;6,7;0;0;0;0;990,9;1006,1;965,2;183;9;13;63;95;26;15,1;2;74;61;13;5901
196405;AT1;AT13;AT130;14,9;26,7;5,5;19,9;9,9;0;0;3;0;994,2;1004,9;983,6;229;5;8;68;98;35;10,4;0;59;68;12;5901
196406;AT1;AT13;AT130;20,1;30,9;11,1;25,5;15,2;0;0;17;3;992,2;1000,1;976,4;261;5;6;67;93;29;10,8;3;74;42;12;5901
196407;AT1;AT13;AT130;20,9;33,5;8,7;26,9;14,8;0;0;20;10;993,9;1000,9;983,9;287;7;3;60;92;28;10,8;3;74;37;9;5901
196408;AT1;AT13;AT130;18,4;31,7;8;24,1;13,2;0;0;13;4;991,6;1003,1;978,3;229;7;6;66;94;26;14,8;4;82;52;9;5901
196409;AT1;AT13;AT130;15,9;28,3;7;20,9;11,1;0;0;6;0;996,3;1006,5;986,3;191;9;7;68;96;35;14,4;2;74;20;8;5901
196410;AT1;AT13;AT130;9;21,7;2,6;13,2;5,4;0;0;0;0;993,5;1008,7;961,7;119;6;12;77;99;31;12,6;3;76;132;15;5901
196411;AT1;AT13;AT130;6,5;15,6;-2,6;8,8;3,9;2;0;0;0;995;1006;974,9;33;0;19;79;97;37;13,3;10;92;26;17;5901
196412;AT1;AT13;AT130;-0,4;4,7;-8,1;1,2;-1,9;24;9;0;0;992,6;1008,4;974,7;28;0;21;87;98;59;9,4;0;60;48;17;5901
196501;AT1;AT13;AT130;0,8;7,4;-5,1;2,7;-1,3;23;1;0;0;989,1;1002,4;966,8;34;1;19;85;97;50;13,7;6;86;42;14;5901
196502;AT1;AT13;AT130;-2;5,7;-12;0,6;-4,8;26;12;0;0;993,9;1008,8;977,9;96;1;10;71;94;45;19,1;13;92;47;16;5901
196503;AT1;AT13;AT130;4,4;18,7;-6,9;8,6;0,2;16;0;0;0;992,8;1009,2;962,3;142;3;10;74;97;34;12,6;4;97;44;10;5901
196504;AT1;AT13;AT130;9,2;20,9;-0,5;13,4;5,3;1;0;0;0;986,4;1005,7;971,9;133;3;14;70;97;24;13,3;4;69;131;18;5901
196505;AT1;AT13;AT130;13,2;27;2,9;17,6;9,4;0;0;3;0;990;1002,8;977,3;150;3;20;70;97;35;15,1;5;80;131;21;5901
196506;AT1;AT13;AT130;17,8;31,6;8,3;22,4;13,2;0;0;11;3;991,1;1001,3;979,7;225;3;8;73;96;39;11,2;3;82;193;15;5901
196507;AT1;AT13;AT130;18,5;30,2;9,1;23,5;14,1;0;0;13;2;990,3;998,4;981,6;215;1;10;73;95;44;12,6;5;71;84;19;5901
196508;AT1;AT13;AT130;17,3;29,8;7,7;22,3;12,5;0;0;9;0;992,6;999,7;980,8;221;5;7;71;96;37;10,8;2;85;57;8;5901
196509;AT1;AT13;AT130;15,6;25,6;5,7;20,4;11,2;0;0;2;0;991,5;1010,3;979,3;169;3;4;76;99;44;11,5;1;62;48;10;5901
196510;AT1;AT13;AT130;8,5;20;-1,2;13;4,3;5;0;0;0;999,3;1010,7;991,2;173;8;5;81;98;50;5,8;0;57;0;1;5901
196511;AT1;AT13;AT130;2,4;19,1;-6,6;5;0;16;5;0;0;988,4;1008,9;966,5;52;1;18;78;98;38;13;6;79;29;16;5901
196512;AT1;AT13;AT130;3;16;-3,4;5,6;0,3;15;0;0;0;985,5;1002,4;966,5;67;2;17;80;98;36;12,6;7;94;68;15;5901
196601;AT1;AT13;AT130;-3,3;11,3;-14,3;-1,2;-5,6;28;21;0;0;991,8;1013,6;973,1;45;2;18;78;98;48;12,6;6;84;34;20;5901
196602;AT1;AT13;AT130;6,9;17,3;-2,7;10,5;3,3;2;0;0;0;985,2;1000,5;970,4;78;1;11;77;100;29;13,3;8;81;53;11;5901
196603;AT1;AT13;AT130;5,3;16,2;-1,6;8,8;2,2;5;0;0;0;993,3;1012,1;974,9;90;2;12;68;97;14;18,4;7;83;22;19;5901
196604;AT1;AT13;AT130;12,1;22,7;0,3;17;6,9;0;0;0;0;987,8;1005,9;971,3;185;5;6;69;96;34;12,6;2;74;39;13;5901
196605;AT1;AT13;AT130;15;25,7;6,1;20,1;10;0;0;4;0;993,2;1006,5;982,3;246;8;6;64;93;32;13,3;4;87;69;10;5901
196606;AT1;AT13;AT130;18,3;28,8;6,5;23;13,6;0;0;10;0;991,6;997,6;980,9;245;3;4;71;92;35;14,4;6;92;84;15;5901
196607;AT1;AT13;AT130;18,7;30,2;9,9;23,4;14,2;0;0;9;1;989,5;997,6;978,5;240;5;6;70;94;43;13,3;1;89;123;16;5901
196608;AT1;AT13;AT130;18,1;30,8;9,8;23,1;13,8;0;0;10;1;991,6;1001,3;984;226;5;10;74;95;43;12,2;2;88;133;13;5901
196609;AT1;AT13;AT130;15,3;25,8;4,2;19,9;11,3;0;0;1;0;994,8;1005,1;982,7;186;2;7;76;97;41;10,8;3;88;19;9;5901
196610;AT1;AT13;AT130;13,4;24,4;-0,9;17,1;10,1;1;0;0;0;988,1;1000,7;971,3;112;3;13;82;98;49;11,2;2;86;54;9;5901
196611;AT1;AT13;AT130;3,8;15;-3,6;5,8;1,5;9;0;0;0;992;1003,9;973,7;37;0;24;84;97;48;15,5;4;72;84;14;5901
196612;AT1;AT13;AT130;2,4;11,4;-4,1;4,7;-0,1;16;2;0;0;988,3;1002,7;968,5;63;0;13;77;97;33;15,5;10;105;67;19;5901
196701;AT1;AT13;AT130;-0,3;9,6;-10,4;2,2;-2,7;22;8;0;0;995,4;1008;980;77;1;16;75;98;34;16,9;9;95;36;14;5901
196702;AT1;AT13;AT130;3,1;16;-9,3;6,6;-0,6;15;1;0;0;995,9;1009,1;977,3;117;5;11;71;95;40;17,3;11;102;31;10;5901
196703;AT1;AT13;AT130;7,2;18;-0,1;11,1;3,5;1;0;0;0;993,2;1009,3;977,2;147;1;7;69;97;34;19,1;15;97;44;17;5901
196704;AT1;AT13;AT130;9,9;23,4;0,2;14,5;5,6;0;0;0;0;989,3;1000,1;970,5;178;2;9;65;93;23;14,8;3;79;32;15;5901
196705;AT1;AT13;AT130;15;27,5;2,2;20,3;9,6;0;0;3;0;989,9;1000,8;975,1;238;5;9;66;94;34;14,4;4;95;91;10;5901
196706;AT1;AT13;AT130;17,8;33,3;7,5;23;12,7;0;0;8;3;994,2;1004;983,5;283;7;4;66;92;34;14,4;2;88;26;11;5901
196707;AT1;AT13;AT130;21,6;31,3;11,8;26,9;15,9;0;0;23;8;994,8;1002,5;988,1;307;12;4;64;93;33;9;3;73;71;6;5901
196708;AT1;AT13;AT130;19,1;32,5;10,5;24,7;14,3;0;0;12;4;993,1;1001,1;983,1;235;7;4;67;94;35;9,4;4;84;44;12;5901
196709;AT1;AT13;AT130;16,1;30,3;7,6;20,8;12,1;0;0;5;2;991,7;1000,7;977,9;158;3;7;78;98;36;9,7;4;84;97;11;5901
196710;AT1;AT13;AT130;11,9;22;0,4;16,4;8,2;0;0;0;0;993,7;1006,8;974,3;154;7;4;80;99;39;9,7;3;82;15;9;5901
196711;AT1;AT13;AT130;4,5;14,5;-4,2;7,7;1,3;11;0;0;0;995,6;1013,1;975,7;99;3;11;82;99;54;11,5;3;74;22;12;5901
196712;AT1;AT13;AT130;1,4;13,3;-7,3;3,8;-1,1;20;5;0;0;990,7;1008;970,5;66;3;13;75;97;38;20,2;16;101;61;15;5901
196801;AT1;AT13;AT130;-1,1;13,2;-14,6;1,7;-4,1;23;11;0;0;990;1013,1;970,4;69;1;10;75;95;47;19,4;13;112;64;17;5901
196802;AT1;AT13;AT130;2,2;16,7;-5,7;5,2;-0,5;16;1;0;0;990,4;1005,1;977,7;73;2;14;80;98;39;11,9;2;74;7;8;5901
196803;AT1;AT13;AT130;6,6;23,9;-5,7;11,4;2;9;0;0;0;991,9;1012,7;969,7;181;5;6;63;96;31;17,6;11;89;25;10;5901
196804;AT1;AT13;AT130;11,9;27,3;-1,8;17,8;6,1;1;0;3;0;992,3;1004,4;975,3;213;5;5;58;91;26;11,2;4;86;20;5;5901
196805;AT1;AT13;AT130;15,1;29,6;3,7;20,5;9,6;0;0;8;0;991,5;1002,8;980;229;1;8;64;96;24;13;3;89;45;10;5901
196806;AT1;AT13;AT130;19;31,4;7,8;24,1;13,8;0;0;15;3;992,8;1002,7;981,6;266;2;5;66;96;32;14,4;5;79;35;12;5901
196807;AT1;AT13;AT130;19,5;34,3;11,2;24,9;14,9;0;0;13;7;993,6;1002,3;984,5;262;6;7;62;93;29;14,8;5;79;60;17;5901
196808;AT1;AT13;AT130;18;27;8,5;22,5;14,4;0;0;7;0;989,7;1000,8;975,1;175;2;8;75;96;39;14;3;82;68;17;5901
196809;AT1;AT13;AT130;15,1;25;3,8;19,5;11,6;0;0;1;0;991,4;1001,3;978;156;4;6;75;98;41;13;7;80;39;14;5901
196810;AT1;AT13;AT130;10,4;22;-1,2;14,5;7,1;4;0;0;0;996,6;1011,5;987,1;112;2;7;82;99;47;10,4;1;69;60;12;5901
196811;AT1;AT13;AT130;5,7;21;-2,5;8,1;3,5;6;1;0;0;992,4;1005,3;976,4;37;0;21;84;99;50;11,5;3;72;40;13;5901
196812;AT1;AT13;AT130;-1,9;7;-11,4;-0,2;-3,9;25;17;0;0;991,3;1002,7;966,4;41;3;18;85;98;61;13;1;61;42;14;5901
196901;AT1;AT13;AT130;-1,6;9,5;-11,9;0,3;-3,8;24;14;0;0;994;1009,6;969,1;27;0;23;84;98;45;13;3;69;50;16;5901
196902;AT1;AT13;AT130;-0,5;8;-10,3;1,8;-2,8;17;6;0;0;986,5;1001,2;967,7;57;2;19;80;98;47;13,7;4;73;55;13;5901
196903;AT1;AT13;AT130;2,6;17,9;-5,4;5,8;-0,5;16;1;0;0;990,3;1001,3;974,8;101;5;20;76;98;30;12,2;3;68;57;15;5901
196904;AT1;AT13;AT130;10,6;26,1;-0,9;15,8;5,4;3;0;4;0;991,3;1006,5;968,4;240;9;1;57;90;19;14,4;7;90;18;9;5901
196905;AT1;AT13;AT130;17,5;29,7;6,3;23,1;11,9;0;0;14;0;989,9;1001,3;981,3;279;4;6;60;92;30;13;8;94;30;11;5901
196906;AT1;AT13;AT130;17,2;27,3;8,1;21,5;13,2;0;0;5;0;989;998,7;980,1;198;1;11;70;97;38;15,8;5;86;156;16;5901
196907;AT1;AT13;AT130;20,3;32,8;10,5;25,6;15,1;0;0;18;5;996,2;1003,7;985,2;305;13;4;64;93;27;11,5;5;76;42;10;5901
196908;AT1;AT13;AT130;18;31,5;9,1;22,9;14;0;0;12;1;991,6;1000,4;982,7;205;5;11;69;96;29;12,6;2;64;75;14;5901
196909;AT1;AT13;AT130;15,9;24,6;4,5;20,6;11,8;0;0;0;0;994,7;1006,8;981,6;182;6;5;74;97;42;9,4;0;60;30;7;5901
196910;AT1;AT13;AT130;11,4;20;3,6;16,3;7,2;0;0;0;0;999,1;1009,7;989,5;175;7;2;75;99;42;12,2;5;76;8;5;5901
196911;AT1;AT13;AT130;6,9;18,4;-4,1;10,3;4,1;4;0;0;0;987,8;1002,7;956,7;97;2;13;74;98;37;15,1;12;98;67;11;5901
196912;AT1;AT13;AT130;-3,5;4,3;-17,2;-1,8;-5,3;30;23;0;0;991,3;1003,6;973,9;21;0;27;83;98;50;12,6;3;71;64;18;5901
197001;AT1;AT13;AT130;-2;5,9;-9;-0,1;-3,9;26;19;0;0;989,6;1004,7;962,8;23;1;25;83;98;58;14,8;8;89;12;11;5901
197002;AT1;AT13;AT130;0,4;10,1;-12;3,6;-2,3;19;6;0;0;985,3;1000,5;972,3;64;0;15;77;97;44;16,9;12;97;109;22;5901
197003;AT1;AT13;AT130;3,8;18;-8;7,2;0,7;14;1;0;0;987,3;1000,5;962,3;91;1;16;73;97;25;15,5;10;94;45;14;5901
197004;AT1;AT13;AT130;9,4;25,3;-1,4;14;5,1;2;0;1;0;988,8;1006;969,6;143;1;11;65;98;26;16,6;7;96;48;16;5901
197005;AT1;AT13;AT130;13,1;23,2;2,5;18,2;8,7;0;0;0;0;991;1003,6;978,9;212;1;6;65;92;31;15,5;6;85;20;15;5901
197006;AT1;AT13;AT130;19;30,7;9;23,7;14,6;0;0;14;1;992,7;1001,2;986,3;240;4;7;67;96;33;13;3;76;55;13;5901
197007;AT1;AT13;AT130;19,5;31,9;10,4;24,4;14,8;0;0;17;2;991,3;998,7;977,5;243;4;9;68;93;35;15,1;5;76;121;13;5901
197008;AT1;AT13;AT130;19,1;30,5;10,2;23,9;15;0;0;11;1;991,3;998,8;984,4;205;5;4;73;96;41;10,4;3;79;53;11;5901
197009;AT1;AT13;AT130;15,1;28,6;0,7;20,2;10,7;0;0;5;0;995,9;1011,2;983,7;212;6;3;70;96;39;11,5;4;90;24;11;5901
197010;AT1;AT13;AT130;9,2;19;-0,7;12,7;6,5;1;0;0;0;995,1;1007,6;976,7;105;2;10;81;99;40;15,1;10;85;86;14;5901
197011;AT1;AT13;AT130;7,3;21,7;1;10,3;4,6;0;0;0;0;991,5;1007,1;976,7;70;0;15;77;98;24;14,4;9;90;105;12;5901
197012;AT1;AT13;AT130;1;9,5;-9,4;3,1;-1;19;5;0;0;997;1012;964,8;51;0;16;80;100;52;13,7;4;94;29;15;5901
197101;AT1;AT13;AT130;-2,2;11,8;-12,7;1;-4,6;24;17;0;0;993;1013,2;970,1;68;4;14;83;99;46;9,7;3;69;17;6;5901
197102;AT1;AT13;AT130;2,6;12,9;-9;5,7;0,5;9;3;0;0;992,7;1009,7;970,3;63;0;17;74;95;35;19,8;9;100;34;15;5901
197103;AT1;AT13;AT130;2,3;18,7;-15,3;6,3;-0,7;16;8;0;0;989,1;1004,3;963,7;79;0;20;72;96;33;16,2;5;91;72;17;5901
197104;AT1;AT13;AT130;10,7;22,3;0,6;16;6,4;0;0;0;0;988,7;1001,9;971,9;183;4;14;66;98;32;14;4;82;22;13;5901
197105;AT1;AT13;AT130;15,7;27,9;4,5;21,1;10,8;0;0;12;0;988,7;1000,5;976,4;246;7;7;67;95;28;12,2;2;62;34;8;5901
197106;AT1;AT13;AT130;16,7;27,2;9;21,6;12,7;0;0;4;0;988,4;1000,8;976,5;202;1;11;69;96;39;14;6;89;109;14;5901
197107;AT1;AT13;AT130;20,1;31,5;9,4;25,7;15,1;0;0;20;6;994,2;1002,7;988;292;7;6;60;90;29;13;1;65;19;6;5901
197108;AT1;AT13;AT130;21;34,9;11,4;27,3;16,2;0;0;23;9;992,2;1001,2;985,9;257;7;6;65;92;25;13,3;7;72;62;12;5901
197109;AT1;AT13;AT130;13,7;24,9;5,7;18,6;10;0;0;0;0;997,6;1005,1;987,3;152;5;9;70;97;35;12,6;2;71;51;9;5901
197110;AT1;AT13;AT130;9,4;21,3;-2,6;15,1;5,6;4;0;0;0;1002,1;1012,7;983,5;203;9;3;73;98;35;11,5;5;95;19;5;5901
197111;AT1;AT13;AT130;4,8;17,9;-3,4;7,8;2,4;8;1;0;0;989,9;1007,5;968;58;1;15;78;100;28;15,5;10;99;64;15;5901
197112;AT1;AT13;AT130;3,8;13,5;-4;6,5;1,8;10;1;0;0;1000,4;1009,7;983,1;55;1;16;80;100;29;17,6;12;91;28;14;5901
197201;AT1;AT13;AT130;-2,2;3;-10,5;-0,3;-3,7;24;12;0;0;995,6;1007,5;976,9;31;1;24;85;98;50;13,3;4;79;31;12;5901
197202;AT1;AT13;AT130;2,8;13;-7,5;5,1;1,1;8;6;0;0;991,6;1000,4;971,1;31;0;21;84;98;42;14,8;6;76;21;8;5901
197203;AT1;AT13;AT130;7,4;20,1;-3,9;12,7;3,5;4;1;0;0;992,3;1011,9;974,5;168;7;12;66;97;27;14;6;92;31;7;5901
197204;AT1;AT13;AT130;9,6;20,3;0,4;13,9;6,3;0;0;0;0;986,4;999,5;971,6;101;1;17;71;94;36;14;3;74;86;18;5901
197205;AT1;AT13;AT130;14,3;27,7;5,5;19,7;10,1;0;0;2;0;989;997,9;977,9;159;1;10;73;98;27;10,4;3;72;131;22;5901
197206;AT1;AT13;AT130;18,5;28,6;7,5;23,7;14;0;0;11;0;990,6;998,4;981,3;233;4;9;67;94;39;14,4;5;86;22;12;5901
197207;AT1;AT13;AT130;20;31,7;10,8;24,8;15,9;0;0;15;8;992,1;999,5;987,1;217;1;9;70;95;34;13,3;3;99;114;15;5901
197208;AT1;AT13;AT130;18,4;31,6;9,8;23,4;14,4;0;0;11;5;992,7;999,9;984;194;3;9;70;91;40;13,3;5;77;67;10;5901
197209;AT1;AT13;AT130;12,8;25,4;5;17,8;9,3;0;0;3;0;994,2;1003,6;984,5;145;1;11;74;95;40;10,8;3;94;30;12;5901
197210;AT1;AT13;AT130;7,7;16,2;-3,2;11,9;4,7;1;0;0;0;995,9;1007,5;981,7;138;5;10;74;95;35;13;4;70;34;5;5901
197211;AT1;AT13;AT130;5,3;16,9;-2,2;8,8;3,1;5;0;0;0;993,9;1010,4;974,9;95;2;9;75;97;31;14;9;76;32;10;5901
197212;AT1;AT13;AT130;0,3;10,7;-9,6;2,9;-1,5;19;8;0;0;1005,2;1017,3;986,4;90;6;16;81;97;45;13,3;1;61;3;6;5901
197301;AT1;AT13;AT130;-0,2;5,3;-8,9;1,5;-1,5;21;4;0;0;1000,1;1013,3;981,5;42;2;25;82;97;48;11,9;2;81;43;13;5901
197302;AT1;AT13;AT130;2,1;8,6;-4,4;4,5;0,4;10;1;0;0;988,6;1008,5;969,1;58;0;17;75;97;44;19,1;13;99;38;15;5901
197303;AT1;AT13;AT130;5,5;19;-1,5;10;2,1;7;0;0;0;997;1005,1;985,6;127;1;14;67;94;27;16,2;4;73;46;16;5901
197304;AT1;AT13;AT130;8,2;21,5;0,7;12,9;4,7;0;0;0;0;988,2;1003,1;969,9;132;1;17;65;96;32;17,3;9;85;129;12;5901
197305;AT1;AT13;AT130;15,5;26,5;4,7;21;10,5;0;0;4;0;993;1001,2;982,4;267;0;5;60;91;32;14;4;83;17;8;5901
197306;AT1;AT13;AT130;17,8;29,2;8,4;22,4;13,7;0;0;6;0;993,4;1003,7;984,9;177;2;13;66;90;33;13;2;79;101;15;5901
197307;AT1;AT13;AT130;20;30,1;11,7;24,8;15,9;0;0;17;1;989,4;998,4;977,1;221;1;5;64;94;33;14;5;85;31;11;5901
197308;AT1;AT13;AT130;20;32,5;10,3;26,5;14,8;0;0;22;4;995,3;1003,1;988,5;290;11;3;60;91;31;11,2;4;76;43;5;5901
197309;AT1;AT13;AT130;16,1;31,1;6,7;21,8;12,1;0;0;9;4;993,7;1000,3;979,7;181;8;9;69;96;33;12,2;1;68;57;10;5901
197310;AT1;AT13;AT130;8,5;19,5;-3,5;13,3;5,4;6;0;0;0;995,6;1013,7;970,1;159;7;7;77;98;34;14;9;84;34;11;5901
197311;AT1;AT13;AT130;3,7;13,7;-5,4;7,3;1,1;13;2;0;0;995;1009,6;977,2;116;6;8;70;99;38;19,1;18;109;43;11;5901
197312;AT1;AT13;AT130;1,1;12,4;-10,4;3,9;-1,3;15;5;0;0;991,7;1009,9;970;61;0;13;77;98;33;16,2;11;98;37;14;5901
197401;AT1;AT13;AT130;2,2;9;-2,7;4;0,8;10;2;0;0;998,3;1005,1;989,1;34;1;25;88;99;51;15,1;6;95;78;16;5901
197402;AT1;AT13;AT130;4,7;12,2;-1,5;8,2;2,2;4;0;0;0;988;1005,1;954,7;66;1;15;79;97;44;13,3;6;86;17;9;5901
197403;AT1;AT13;AT130;8;22,8;-2,5;12,8;4,2;3;0;0;0;992,9;1004,1;980,3;136;6;12;69;94;34;12,6;2;69;10;7;5901
197404;AT1;AT13;AT130;9,9;22,5;1,9;15,4;5,7;0;0;0;0;988,8;998,1;972,5;197;5;7;56;93;21;14,4;1;61;11;7;5901
197405;AT1;AT13;AT130;13,8;28;6;18,5;9,9;0;0;2;0;988;999,2;970,1;174;1;13;65;95;31;16,2;7;77;47;16;5901
197406;AT1;AT13;AT130;16,2;28,4;7,2;21,2;12,1;0;0;5;0;988,7;1001,6;975,9;179;1;12;67;93;33;16,6;9;90;85;18;5901
197407;AT1;AT13;AT130;18,9;30,8;10,5;24,2;14,5;0;0;16;2;991,7;998,1;982,9;199;2;8;66;98;27;15,5;9;88;56;16;5901
197408;AT1;AT13;AT130;21;36,1;11,7;27;16,3;0;0;21;9;992,7;999,3;983,3;233;6;7;68;95;36;11,9;6;87;19;11;5901
197409;AT1;AT13;AT130;15,3;28;4,2;20,5;11,5;0;0;5;0;991,4;1006,4;971,7;147;4;8;72;97;33;11,9;7;94;14;10;5901
197410;AT1;AT13;AT130;6,8;14,3;0,6;10,6;4,3;0;0;0;0;986,4;998,3;967,5;89;0;16;77;97;42;15,5;9;82;111;15;5901
197411;AT1;AT13;AT130;4,5;11,9;-1,7;7,1;2,6;3;0;0;0;992,1;1007,5;966,1;71;0;15;83;99;48;13;10;76;47;18;5901
197412;AT1;AT13;AT130;4,9;15,4;-2,5;7,5;2,8;9;1;0;0;994,7;1007,5;975,5;61;2;15;77;100;39;19,4;19;101;94;17;5901
197501;AT1;AT13;AT130;3,5;12,1;-2,1;6,4;1,4;10;0;0;0;995,8;1008,7;977,5;76;1;15;80;99;48;14,8;10;100;33;8;5901
197502;AT1;AT13;AT130;1,1;11,9;-7,7;5,3;-1,7;21;0;0;0;1001,4;1012,9;979,9;133;9;7;67;98;23;12,2;6;65;4;5;5901
197503;AT1;AT13;AT130;6,1;17,8;-2;10,8;2,8;4;0;0;0;985,2;999,9;968,1;97;1;16;73;96;32;11,9;4;90;48;15;5901
197504;AT1;AT13;AT130;9,5;23,3;-1;14,5;5,5;1;0;0;0;990,3;998,9;979,5;152;4;11;64;96;30;15,8;14;110;46;11;5901
197505;AT1;AT13;AT130;16;27,5;7;21,4;11,5;0;0;4;0;990,4;1003,3;979,9;213;4;12;66;95;31;13;2;70;70;11;5901
197506;AT1;AT13;AT130;17,2;29,8;6,5;22,1;12,9;0;0;11;0;991,3;1002,3;979,3;188;2;12;68;96;35;13,7;5;80;154;18;5901
197507;AT1;AT13;AT130;20,1;29,6;11;25,1;15,8;0;0;19;0;991,5;998,9;984,4;235;4;4;69;93;36;14,8;8;89;121;14;5901
197508;AT1;AT13;AT130;19,4;29;10,2;24,4;15,5;0;0;16;0;993;1000,4;985,6;208;2;5;71;95;39;12,2;3;67;52;14;5901
197509;AT1;AT13;AT130;17,5;27,7;8,3;23,2;13,6;0;0;6;0;994,6;1005,6;978,8;210;6;3;77;96;39;10,4;3;94;13;5;5901
197510;AT1;AT13;AT130;9,3;23,3;1,3;13,1;7;0;0;0;0;997,2;1008,1;981,6;108;3;14;80;98;47;13,3;3;89;51;14;5901
197511;AT1;AT13;AT130;3,4;10,5;-8,5;5,8;1,8;8;2;0;0;994,8;1007,3;970,9;45;3;19;83;99;36;14;8;97;30;11;5901
197512;AT1;AT13;AT130;1,2;8,4;-11,5;3,4;-0,6;14;4;0;0;998,5;1008,5;977,9;50;3;16;79;99;46;18;13;109;37;9;5901
197601;AT1;AT13;AT130;2;13,4;-8,5;5,4;-0,8;14;5;0;0;990,4;1005,5;977,1;57;0;11;75;98;49;23;20;135;99;20;5901
197602;AT1;AT13;AT130;0,2;14,8;-7,3;2,9;-1,8;21;5;0;0;999,4;1014,8;976,1;59;4;18;84;99;43;12,6;3;83;21;7;5901
197603;AT1;AT13;AT130;2,8;19,5;-7;7,4;-0,6;17;0;0;0;995,2;1010,8;979,1;162;5;8;64;97;29;16,2;8;93;9;9;5901
197604;AT1;AT13;AT130;10,4;24;-1,6;16,2;5,6;1;0;0;0;990,2;1001,2;981,1;188;7;9;62;98;27;13,3;5;68;36;8;5901
197605;AT1;AT13;AT130;14,8;25,6;1,1;20,3;9,6;0;0;1;0;991,9;1001,3;984,4;242;7;10;64;97;26;14,8;10;80;93;14;5901
197606;AT1;AT13;AT130;18,9;31;8,9;24,3;13,8;0;0;17;1;994,5;1001,9;983,1;302;8;6;57;96;31;11,2;2;81;55;10;5901
197607;AT1;AT13;AT130;20,9;34;12,7;26,6;15,9;0;0;22;7;990,6;998,1;982;268;11;6;59;92;23;13;3;80;34;14;5901
197608;AT1;AT13;AT130;16,8;26,8;8,4;22,5;12,8;0;0;5;0;994,2;999,6;984,9;198;2;6;72;98;33;12,2;3;74;44;16;5901
197609;AT1;AT13;AT130;13,7;26,7;7,9;18;10,8;0;0;1;0;991,8;1004,5;981,1;94;1;15;79;98;40;13,3;4;78;79;15;5901
197610;AT1;AT13;AT130;10,6;23,7;1,4;14,2;8,3;0;0;0;0;988,2;999,5;970,4;87;1;13;85;98;46;13,7;3;81;49;9;5901
197611;AT1;AT13;AT130;6,4;16,4;-1,6;9;4,5;3;0;0;0;993;1005,3;978,3;45;1;18;84;99;46;14;6;100;69;17;5901
197612;AT1;AT13;AT130;0,5;10,4;-11,5;2,7;-1,1;17;9;0;0;987,7;1003,2;948,8;37;0;19;80;100;33;15,1;10;96;35;15;5901
197701;AT1;AT13;AT130;0,2;11,4;-8,1;2,3;-1,5;19;6;0;0;991,1;1013,3;970,9;39;0;26;86;100;51;12,2;4;78;59;17;5901
197702;AT1;AT13;AT130;3,5;16,7;-6,5;7;1;10;5;0;0;987,4;1005,5;970,3;76;3;16;78;97;36;13,3;6;84;60;14;5901
197703;AT1;AT13;AT130;8,9;24,5;-2,9;14,4;4,8;4;0;0;0;994,7;1009,6;974,7;158;3;10;67;97;27;15,1;11;94;60;11;5901
197704;AT1;AT13;AT130;8,8;26,1;-1;14,1;5;2;0;1;0;989,4;1005,7;975,6;151;0;13;66;98;32;15,8;9;93;50;11;5901
197705;AT1;AT13;AT130;15;28;5,6;20,4;10,3;0;0;6;0;991,5;1002,3;979,2;220;3;10;63;96;31;12,6;6;70;21;9;5901
197706;AT1;AT13;AT130;19,1;30;5;24,4;14,6;0;0;15;1;989,4;1000,4;982,5;250;4;6;63;96;32;15,1;5;74;41;9;5901
197707;AT1;AT13;AT130;19,7;30;10,9;25,1;14,9;0;0;14;1;989,2;998,4;972,1;225;2;10;64;96;32;13,3;5;77;89;14;5901
197708;AT1;AT13;AT130;18,2;28,3;9,7;23,1;14,4;0;0;9;0;989,4;996,4;969,6;176;4;13;75;96;34;13,7;8;75;98;13;5901
197709;AT1;AT13;AT130;13,6;26,8;3,1;18,3;10,2;0;0;8;0;997,3;1008,8;987,9;144;2;10;74;98;36;13,3;6;77;44;12;5901
197710;AT1;AT13;AT130;10,9;25,2;2,7;15,4;7,7;0;0;1;0;996,6;1005,3;981,2;124;5;8;82;99;37;9,7;4;94;13;6;5901
197711;AT1;AT13;AT130;6,4;20,7;-5,4;10,1;3,9;5;1;0;0;988,3;1003,6;970;81;2;11;75;99;31;15,5;16;92;21;15;5901
197712;AT1;AT13;AT130;0,1;9,1;-7,1;2;-1,4;21;11;0;0;998,2;1012,3;973,1;29;1;24;82;100;41;15,5;10;103;25;13;5901
197801;AT1;AT13;AT130;0,9;8,3;-5,5;3,5;-1,2;20;3;0;0;991,1;1012,4;966,9;52;2;19;76;95;41;15,8;12;97;26;10;5901
197802;AT1;AT13;AT130;-0,6;15,2;-14,5;2,5;-3;21;8;0;0;986,9;1000,7;971,3;52;0;18;77;96;38;14;6;72;30;14;5901
197803;AT1;AT13;AT130;6,9;21,4;-1,6;11,2;3,7;2;0;0;0;988,7;1001,9;972,3;123;1;13;69;97;30;17,3;11;85;39;15;5901
197804;AT1;AT13;AT130;8,8;21,4;-2,5;14,1;4,7;2;0;0;0;986,7;998,5;973,5;167;4;10;65;95;24;12,6;2;68;30;12;5901
197805;AT1;AT13;AT130;13,3;24,3;1;17,8;9,5;0;0;0;0;989,4;1000,3;971,1;153;0;12;69;95;32;16,6;7;89;98;20;5901
197806;AT1;AT13;AT130;17,3;28,3;7,7;22,8;12;0;0;9;0;990,2;999,6;979,2;221;4;7;62;93;28;13,7;5;83;46;12;5901
197807;AT1;AT13;AT130;18,1;30;8,7;23,7;13,2;0;0;12;1;992,2;999,7;981,1;218;5;5;65;91;30;13;2;66;36;13;5901
197808;AT1;AT13;AT130;18,1;30;8,5;23,8;13,4;0;0;14;1;993,1;1000,8;972,4;237;5;5;63;88;31;13,3;5;112;28;10;5901
197809;AT1;AT13;AT130;14,9;26,8;7,5;19,5;11,4;0;0;3;0;992;1001,9;983,1;158;2;12;68;94;35;18,4;14;100;44;16;5901
197810;AT1;AT13;AT130;10,5;22;2,3;14,7;7,3;0;0;0;0;997,8;1006,1;983,9;124;4;8;76;97;42;14;7;99;21;8;5901
197811;AT1;AT13;AT130;2,5;11,3;-2,4;4,7;0,8;15;1;0;0;1003,8;1013,1;978,7;33;1;23;86;98;52;12,2;2;83;32;5;5901
197812;AT1;AT13;AT130;1,1;14,2;-10,1;3,7;-1,2;17;6;0;0;987,5;1006,7;964,4;31;1;20;80;98;46;14;7;81;20;17;5901
197901;AT1;AT13;AT130;-3,2;11;-12,8;-0,3;-5,7;28;16;0;0;989,3;1012;962,8;56;2;15;79;97;40;14,8;8;105;40;18;5901
197902;AT1;AT13;AT130;1,1;9,1;-5,3;4,1;-0,9;15;1;0;0;989;1009,7;967,1;62;2;16;79;99;36;12,2;3;76;55;16;5901
197903;AT1;AT13;AT130;6,4;18,9;-5,7;11,5;2,5;7;0;0;0;986;1006,3;964,9;121;1;13;73;95;23;13,3;12;99;112;11;5901
197904;AT1;AT13;AT130;8,5;21;-0,3;13,7;4,5;1;0;0;0;988;1002;975,5;164;3;12;68;95;28;13,7;5;84;72;14;5901
197905;AT1;AT13;AT130;15,5;29,3;1,2;21,3;9,7;0;0;13;0;993,9;1006,1;976,7;314;10;3;57;92;27;13,3;9;88;10;7;5901
197906;AT1;AT13;AT130;19,8;30,9;10;25,1;15,3;0;0;17;5;992,5;1001,1;981,1;206;3;9;67;97;31;13;7;100;159;17;5901
197907;AT1;AT13;AT130;17,7;28,4;11;22,1;14;0;0;5;0;994;1001,6;986;147;0;15;71;94;44;14,4;4;74;64;20;5901
197908;AT1;AT13;AT130;18,4;31,4;7;23,6;14,3;0;0;11;1;991;1003,1;982,9;229;3;6;68;93;38;12,6;6;90;35;9;5901
197909;AT1;AT13;AT130;15,1;26,4;4,4;20,5;11,2;0;0;6;0;995,6;1003,2;982,1;205;9;10;75;96;41;12,6;5;71;33;7;5901
197910;AT1;AT13;AT130;8,3;23;-2,6;12,6;5,1;3;0;0;0;994,3;1005,3;978,1;154;6;8;74;96;31;13,7;7;77;15;8;5901
197911;AT1;AT13;AT130;5;16,1;-3,1;7,9;2,7;4;0;0;0;991,9;1006,9;970,3;39;0;19;80;97;27;15,1;9;106;107;22;5901
197912;AT1;AT13;AT130;4,8;15,9;-2,3;7,7;2,4;7;1;0;0;990,5;1006,8;965,3;49;0;13;78;97;45;14,8;14;105;45;16;5901
198001;AT1;AT13;AT130;-3,1;5,8;-12,7;-0,8;-4,9;28;18;0;0;993,7;1013,7;974,3;48;2;19;80;98;55;13;5;88;25;16;5901
198002;AT1;AT13;AT130;2,6;10,2;-4,5;5,9;0,1;15;0;0;0;997,5;1013,6;975,2;87;6;12;79;97;36;13,3;6;88;38;12;5901
198003;AT1;AT13;AT130;4,2;18,2;-5,5;8;1,5;9;0;0;0;988,1;998,3;972,9;92;1;18;73;97;35;14,4;6;93;39;15;5901
198004;AT1;AT13;AT130;7,3;20,7;0,7;11,4;3,9;0;0;0;0;990;1002;972,5;120;5;19;72;94;30;16,2;5;87;125;18;5901
198005;AT1;AT13;AT130;12,5;24,8;2,7;17,3;8;0;0;0;0;989,3;1001,9;976,9;240;3;5;60;90;28;13,3;1;63;18;10;5901
198006;AT1;AT13;AT130;17,7;30;8,6;22,5;13,3;0;0;6;1;988,5;996,4;980,7;190;1;10;64;92;36;16,9;5;92;53;15;5901
198007;AT1;AT13;AT130;18,5;27,7;10;23,5;14,3;0;0;10;0;988,9;997,5;976;175;3;15;67;94;32;16,2;8;91;73;15;5901
198008;AT1;AT13;AT130;19,2;30,6;7,1;24,4;14,9;0;0;14;3;992,3;999,3;983,9;209;4;8;67;96;37;13;4;80;40;11;5901
198009;AT1;AT13;AT130;14,7;24,1;6,5;19,1;11,3;0;0;0;0;996,7;1003,7;988,8;133;2;8;77;98;43;11,5;1;62;40;8;5901
198010;AT1;AT13;AT130;9,5;21;0;14;6,3;0;0;0;0;989,8;1006,1;972,3;117;2;11;76;97;38;13,3;5;76;73;11;5901
198011;AT1;AT13;AT130;3,4;18,5;-5,2;6,7;0,9;12;3;0;0;993;1008,4;977,2;66;1;18;78;98;35;13,7;2;71;75;13;5901
198012;AT1;AT13;AT130;1,3;12,9;-8,6;4,1;-0,9;16;7;0;0;994;1012,9;964,8;83;3;13;72;97;31;17,3;8;84;25;14;5901
198101;AT1;AT13;AT130;-0,7;10,1;-11,9;2,5;-3,3;27;7;0;0;994,7;1017,1;962;92;4;15;68;92;36;17,6;9;124;23;14;5901
198102;AT1;AT13;AT130;1,8;13;-5,5;5;-0,3;16;1;0;0;995,3;1009,2;966,4;105;4;12;69;95;22;15,1;7;78;19;10;5901
198103;AT1;AT13;AT130;8,7;20,5;-0,7;13,1;5,3;3;0;0;0;988,1;998,1;975,5;129;1;18;67;96;25;15,1;8;91;21;12;5901
198104;AT1;AT13;AT130;9,9;24,3;-1,1;15,2;5,4;2;0;0;0;993;1001,9;978,3;190;6;11;57;94;16;13;3;76;21;8;5901
198105;AT1;AT13;AT130;15,2;27;4,8;20,3;10,4;0;0;4;0;989,2;1000,4;971,9;197;2;10;65;95;27;13,7;6;71;43;12;5901
198106;AT1;AT13;AT130;19;31,3;7,5;24,2;14,5;0;0;16;3;992,2;1001,6;984;204;1;10;62;95;27;15,8;4;71;48;12;5901
198107;AT1;AT13;AT130;19,5;30,3;10,7;24,8;14,8;0;0;18;3;991,8;1000,4;966,9;200;1;8;64;93;31;15,8;8;80;83;12;5901
198108;AT1;AT13;AT130;19,7;32,3;10;25,2;15,3;0;0;18;5;993,8;1006,1;980,4;240;5;7;64;93;34;12,2;1;73;38;11;5901
198109;AT1;AT13;AT130;15,5;25,5;7,8;20,5;11,9;0;0;1;0;993,7;1004,1;982;150;4;10;80;98;37;10,8;3;88;99;13;5901
198110;AT1;AT13;AT130;10,4;19,8;1,4;14,5;7,6;0;0;0;0;989,9;1003,1;976,4;116;2;10;79;97;42;13;5;94;44;12;5901
198111;AT1;AT13;AT130;5,5;17,4;-2,6;8,3;3,3;5;0;0;0;997,4;1005,5;980,8;57;0;15;76;97;44;17,6;10;79;57;22;5901
198112;AT1;AT13;AT130;-0,2;9,7;-13,9;2,5;-2,5;22;9;0;0;980,1;1003,1;963,2;42;0;22;79;100;49;16,6;11;97;70;16;5901
198201;AT1;AT13;AT130;-3,1;11,8;-14,5;-0,5;-5,2;23;19;0;0;996,6;1014,4;973,6;40;1;19;82;99;46;15,1;8;92;57;20;5901
198202;AT1;AT13;AT130;-1,1;8;-7,6;1,7;-3,1;25;11;0;0;999,5;1012,9;981,1;72;5;11;78;96;41;12,6;1;76;14;7;5901
198203;AT1;AT13;AT130;6,3;19,5;-1;10,7;3,1;1;0;0;0;993,8;1009,5;973,1;170;5;8;63;95;31;13,3;3;84;22;7;5901
198204;AT1;AT13;AT130;8,3;20,1;0,4;13,4;4,1;0;0;0;0;992;999,5;979,9;195;4;7;56;90;26;15,8;6;80;18;14;5901
198205;AT1;AT13;AT130;15,4;26,7;2,1;20,7;10,1;0;0;4;0;995,3;1006,1;984,1;245;9;7;62;95;29;13,7;4;96;62;13;5901
198206;AT1;AT13;AT130;19;30,6;8,4;24,1;14,2;0;0;14;2;990,6;1004,1;965,7;238;3;6;61;93;33;14;4;75;60;12;5901
198207;AT1;AT13;AT130;20,6;31,1;12,5;25,6;16,1;0;0;20;3;993,1;999,9;985,5;210;3;9;67;93;36;12,2;2;83;72;17;5901
198208;AT1;AT13;AT130;20;32;11,3;25,2;15,8;0;0;17;1;992,2;1000;982,5;212;3;9;70;94;35;12,6;2;65;20;9;5901
198209;AT1;AT13;AT130;18;28,7;9,2;23,5;14;0;0;13;0;995,8;1005,1;985,9;208;13;4;74;95;36;10,1;0;54;30;3;5901
198210;AT1;AT13;AT130;10,7;18,5;3;14,1;8,2;0;0;0;0;992;1011,1;967,7;87;1;15;86;99;51;10,4;1;73;57;12;5901
198211;AT1;AT13;AT130;5,4;14,3;-2,4;8,3;3,5;4;0;0;0;996,4;1007,2;982,7;73;4;16;83;97;45;10,8;4;75;8;7;5901
198212;AT1;AT13;AT130;2,8;14,9;-3,5;5,1;0,9;9;0;0;0;991,8;1014,1;966;29;0;21;83;99;47;14,4;6;78;52;17;5901
198301;AT1;AT13;AT130;5,2;15;-3,4;8,1;2,6;7;0;0;0;997,7;1012,7;973,1;58;2;15;72;97;33;20,9;18;96;58;18;5901
198302;AT1;AT13;AT130;-0,9;13,4;-10,9;2,7;-3,3;24;6;0;0;993,3;1012,9;968,8;97;2;11;73;94;36;14;5;98;48;15;5901
198303;AT1;AT13;AT130;6,8;18;-3,4;11,3;3,4;4;0;0;0;991,6;1009,3;969,3;134;3;12;64;97;34;16,6;6;95;8;8;5901
198304;AT1;AT13;AT130;12;25;0,9;17,1;7,5;0;0;1;0;985,7;996,9;969,6;145;1;10;67;97;33;14,4;6;83;67;15;5901
198305;AT1;AT13;AT130;15,9;30,7;4,5;21,3;11,1;0;0;6;1;986,2;996,4;970,8;223;2;11;64;98;29;14,8;9;82;69;12;5901
198306;AT1;AT13;AT130;18,2;30,2;8,3;23,3;13,4;0;0;13;1;993,9;1003,3;983,5;214;4;8;66;97;32;13;3;80;108;15;5901
198307;AT1;AT13;AT130;23,3;36;11;29,3;17,6;0;0;28;13;992,2;998,5;985,1;296;11;1;54;80;25;12,6;1;62;6;4;5901
198308;AT1;AT13;AT130;20,5;33,5;10,9;26,4;15,8;0;0;23;6;992,1;999,2;981,1;219;8;7;63;95;30;12,2;1;72;29;11;5901
198309;AT1;AT13;AT130;15,9;29,8;5,9;21,9;11,4;0;0;5;0;993,4;1006,5;978,1;215;4;4;68;96;30;12,2;2;64;52;11;5901
198310;AT1;AT13;AT130;10,7;26,4;0,2;15,5;7,4;0;0;1;0;997,7;1012,5;981,5;163;4;8;72;97;34;11,9;4;80;27;8;5901
198311;AT1;AT13;AT130;3;13,3;-9,6;6,7;0,4;14;1;0;0;995,1;1006,8;961,2;89;6;11;76;97;43;13;4;98;18;10;5901
198312;AT1;AT13;AT130;1,1;15;-10,8;4,4;-1,5;18;8;0;0;995,2;1013,7;970,9;78;1;12;77;98;36;15,1;5;94;19;12;5901
198401;AT1;AT13;AT130;1,5;12,7;-5,8;4,3;-0,5;17;2;0;0;989,3;1002,8;965,4;83;0;13;73;100;30;15,1;7;98;29;20;5901
198402;AT1;AT13;AT130;0,6;15,3;-8,8;3,1;-1,4;15;4;0;0;995,7;1011,3;966,1;50;2;16;77;98;35;14;4;84;60;16;5901
198403;AT1;AT13;AT130;4,2;19,9;-5;8,8;0,8;12;0;0;0;990,5;1004,7;975,8;148;5;11;64;93;26;15,1;3;72;48;9;5901
198404;AT1;AT13;AT130;9,2;22,5;0,4;14,3;5,1;0;0;0;0;992,1;1003,1;976,2;162;3;10;63;93;26;14,4;6;81;51;15;5901
198405;AT1;AT13;AT130;13,7;26,2;4,6;18,9;9;0;0;3;0;983,6;992,5;967,4;162;1;13;70;100;32;12,2;2;66;57;17;5901
198406;AT1;AT13;AT130;17,2;29,9;7,6;22,4;12,4;0;0;10;0;990,5;1002,2;978,7;209;2;10;62;96;32;14;6;79;40;15;5901
198407;AT1;AT13;AT130;18,2;33,2;8,4;23,1;13,6;0;0;10;5;993,4;1000,3;983,9;213;9;5;67;98;31;13;3;87;73;14;5901
198408;AT1;AT13;AT130;18,9;31,4;9,4;24,3;14,3;0;0;11;2;992,7;1000,1;982,6;262;5;4;69;98;29;11,5;1;71;45;10;5901
198409;AT1;AT13;AT130;14,7;30,2;6,8;18,8;11,8;0;0;5;1;987,3;995,5;971,5;104;3;16;80;100;36;11,2;4;82;69;15;5901
198410;AT1;AT13;AT130;11;20,6;0,7;15,4;7,8;0;0;0;0;995,1;1007,9;974,9;117;4;8;81;100;42;10,1;2;71;47;9;5901
198411;AT1;AT13;AT130;5,6;19,4;-1,5;8,4;3,8;5;0;0;0;991,4;1005,7;974,3;63;3;16;86;100;40;12,2;4;108;38;10;5901
198412;AT1;AT13;AT130;0,6;7,7;-4,4;2,4;-0,9;18;9;0;0;1000,3;1010,1;988,2;24;2;23;89;100;56;10,1;2;80;30;11;5901
198501;AT1;AT13;AT130;-5,5;10,5;-19,6;-2,7;-7,6;29;21;0;0;989,1;1004,9;976,2;51;3;12;78;97;44;11,5;2;63;40;15;5901
198502;AT1;AT13;AT130;-2,5;9,6;-17,2;1;-5,1;21;12;0;0;996,2;1010,1;977,5;97;3;12;69;100;27;15,8;6;98;29;14;5901
198503;AT1;AT13;AT130;4;19,5;-1,6;7,3;1,4;7;0;0;0;990,5;1008,1;971,9;68;0;21;80;97;15;11,2;3;70;47;17;5901
198504;AT1;AT13;AT130;10,5;21,9;2,5;16,1;6,1;0;0;0;0;987,3;1003,7;973,8;178;4;10;60;88;27;15,1;9;80;17;13;5901
198505;AT1;AT13;AT130;16,1;27,7;2,5;21,1;11,6;0;0;8;0;987,2;995,9;977,9;190;4;8;68;93;39;14;4;74;70;13;5901
198506;AT1;AT13;AT130;16,3;30,2;7,8;21,1;12,1;0;0;4;1;989,8;996,5;982,3;179;0;8;68;98;33;13,3;4;83;66;19;5901
198507;AT1;AT13;AT130;20,8;33,4;11,1;26,8;15,2;0;0;20;6;993;1003,5;978,7;281;5;3;62;93;32;11,2;3;82;37;11;5901
198508;AT1;AT13;AT130;19,5;32;10,2;25,2;15,1;0;0;17;4;991,8;999,9;975,3;214;9;8;71;98;37;13;5;81;132;14;5901
198509;AT1;AT13;AT130;15,9;28;7,3;21,6;12;0;0;7;0;996,3;1005,7;985,4;221;5;4;71;95;31;10,4;2;87;27;7;5901
198510;AT1;AT13;AT130;9,7;22,8;0,1;14,1;6,8;0;0;0;0;1000,6;1009,9;987;138;5;8;79;98;46;10,8;0;57;16;8;5901
198511;AT1;AT13;AT130;2,2;14;-9,4;4,9;0,3;10;5;0;0;991,1;1010,7;972,5;57;3;17;83;98;43;10,4;2;86;103;19;5901
198512;AT1;AT13;AT130;3,7;12;-3,8;6,3;1,7;7;1;0;0;993,2;1008,9;972,3;21;0;23;84;99;58;12,2;7;102;64;16;5901
198601;AT1;AT13;AT130;0,7;12,9;-10,1;3,9;-1,7;20;5;0;0;986,4;1005,5;963,8;77;3;15;76;99;46;16,6;12;113;43;16;5901
198602;AT1;AT13;AT130;-4,9;3,9;-14,9;-2,1;-7;25;20;0;0;990,9;1010,1;972,7;73;3;13;77;98;46;12,6;1;69;36;13;5901
198603;AT1;AT13;AT130;3,7;18,8;-8,7;7,5;0,7;11;2;0;0;993,6;1005,3;969,9;87;3;17;78;97;23;11,2;3;70;14;12;5901
198604;AT1;AT13;AT130;11,6;27,8;-2;17,6;6,6;4;0;6;0;985;993,8;971;163;1;12;61;95;20;13;3;81;14;8;5901
198605;AT1;AT13;AT130;17,2;27,4;7,6;22,6;12,4;0;0;8;0;993,3;1003,9;986,2;234;8;11;67;95;29;13,3;3;70;54;15;5901
198606;AT1;AT13;AT130;18,2;30,1;5,3;23,4;13,2;0;0;13;1;991,4;999,8;977,8;250;2;6;63;95;32;13,7;6;71;57;12;5901
198607;AT1;AT13;AT130;19,6;32,3;10,9;25,4;14,4;0;0;17;5;992,5;1000,7;979;251;6;8;61;96;28;11,5;4;85;37;10;5901
198608;AT1;AT13;AT130;20;32,7;10,3;25,8;15,6;0;0;18;7;990,9;1000,2;978,9;241;6;6;69;96;30;12,2;4;73;136;14;5901
198609;AT1;AT13;AT130;15;28,2;4,4;20,7;10,9;0;0;4;0;995,9;1010,7;986,3;211;7;7;69;96;34;10,4;0;55;34;7;5901
198610;AT1;AT13;AT130;10,4;22,2;1,6;15,4;6,9;0;0;0;0;996,2;1007;975,1;179;9;8;74;97;30;10,8;3;91;33;9;5901
198611;AT1;AT13;AT130;5,4;13,4;-0,3;8,4;3,2;1;0;0;0;999,3;1013,1;979;72;3;11;85;98;36;10,8;2;80;41;11;5901
198612;AT1;AT13;AT130;0,6;12,1;-12,7;3;-1,3;21;9;0;0;993,8;1009,5;965,9;49;0;17;83;98;46;16,2;11;118;47;17;5901
198701;AT1;AT13;AT130;-4,4;10,6;-19,4;-1,3;-6,9;28;17;0;0;992,5;1010,9;974,7;58;3;15;80;98;41;15,8;13;91;86;20;5901
198702;AT1;AT13;AT130;0,3;11,1;-16,8;3,4;-2;13;6;0;0;990,5;1004,1;975,4;79;4;12;80;98;29;11,2;3;76;73;14;5901
198703;AT1;AT13;AT130;0,3;17,7;-14,7;4,7;-2,8;20;9;0;0;992,8;1005,7;975,9;141;7;15;69;96;28;12,6;1;61;53;14;5901
198704;AT1;AT13;AT130;10,8;23,7;1,2;15,5;6,7;0;0;0;0;992,8;1008,1;976,9;166;5;14;63;97;20;13,7;3;78;17;10;5901
198705;AT1;AT13;AT130;13,2;26,2;4,9;18,1;9,1;0;0;3;0;988,2;995,9;977,7;157;1;12;70;96;18;13,3;5;93;108;16;5901
198706;AT1;AT13;AT130;17,9;29,4;7,7;22,6;13,5;0;0;10;0;990,3;1002,5;975,8;194;1;12;70;95;33;14,4;2;67;119;15;5901
198707;AT1;AT13;AT130;20,9;32,6;10,3;26,3;16;0;0;22;4;991,1;1000,5;976,1;280;5;5;66;95;32;11,5;4;80;75;12;5901
198708;AT1;AT13;AT130;18;28;9,4;22,8;14,3;0;0;7;0;991,5;997,9;985,3;193;3;8;73;95;34;11,2;4;71;44;16;5901
198709;AT1;AT13;AT130;17,8;31,1;4,7;23;14;0;0;12;1;993,7;1002,7;979,3;169;5;4;72;96;29;11,2;3;108;37;8;5901
198710;AT1;AT13;AT130;10,8;22,8;0,5;14,7;8;0;0;0;0;995,3;1008,1;977,9;110;1;11;78;97;36;13,3;4;82;27;8;5901
198711;AT1;AT13;AT130;5,5;12,9;-1,6;8,1;3,5;3;0;0;0;991,8;1012,2;971;47;0;17;82;98;45;13;5;73;29;17;5901
198712;AT1;AT13;AT130;2,9;14;-7,9;4,9;1,3;13;6;0;0;996,4;1007,3;981,4;63;2;19;79;98;39;16,6;11;80;63;12;5901
198801;AT1;AT13;AT130;3;13,7;-3,2;5,9;0,9;10;3;0;0;990,1;1007,9;964,3;50;2;19;85;98;45;11,5;2;66;19;15;5901
198802;AT1;AT13;AT130;3,3;14;-3,6;6,9;0,7;10;0;0;0;988;1011,5;970,6;97;2;14;75;98;34;15,1;13;85;69;17;5901
198803;AT1;AT13;AT130;4,1;16,7;-5;7,9;1,4;10;0;0;0;985,7;1002,2;966,5;107;2;17;71;96;30;15,5;10;90;68;23;5901
198804;AT1;AT13;AT130;10,2;23,2;-1,1;15,5;5,5;3;0;0;0;991,1;1001;982,4;195;7;10;62;97;22;12,2;5;71;28;7;5901
198805;AT1;AT13;AT130;16,2;25,6;7;21,5;11,3;0;0;2;0;990;1001,2;981;214;4;10;65;97;32;11,9;3;66;42;9;5901
198806;AT1;AT13;AT130;17,9;29,7;10,2;22,8;13,2;0;0;9;0;988,7;995,7;981,8;213;0;8;69;100;31;11,9;1;61;34;11;5901
198807;AT1;AT13;AT130;21,3;36;12,4;27,6;15,9;0;0;23;10;991,3;999,6;977,5;292;6;3;63;92;27;12,2;8;94;57;14;5901
198808;AT1;AT13;AT130;20,2;32,5;10,7;26,1;15,4;0;0;21;9;990,5;998;980,6;259;2;6;69;99;27;10,8;2;66;65;11;5901
198809;AT1;AT13;AT130;15,3;26,9;9;19,8;12,1;0;0;1;0;993,7;1003,7;973;123;2;15;80;99;34;12,2;1;74;92;14;5901
198810;AT1;AT13;AT130;10,4;22,3;-1,4;14,4;7,7;2;0;0;0;995,8;1006,6;977,9;131;7;11;79;99;37;10,8;1;61;10;6;5901
198811;AT1;AT13;AT130;1,7;11,9;-7,4;5,1;-0,7;17;3;0;0;997,1;1010,1;976,3;70;3;12;80;100;40;14,8;6;95;50;10;5901
198812;AT1;AT13;AT130;3,7;12,6;-9,5;6,5;1,4;7;2;0;0;995,2;1012,5;974,8;84;1;15;78;100;40;19,8;17;111;71;22;5901
198901;AT1;AT13;AT130;1,3;10,9;-5,1;4,3;-0,9;22;6;0;0;1007,3;1017,8;986,4;82;2;13;87;100;42;10,1;3;71;15;8;5901
198902;AT1;AT13;AT130;4,9;16,1;-1,6;8,4;2,3;3;0;0;0;996;1015,8;946,9;60;2;17;80;100;38;13,7;8;71;29;13;5901
198903;AT1;AT13;AT130;8,7;25,5;1,1;13,9;4,8;0;0;1;0;991,9;1001,7;976,3;145;3;11;68;100;23;11,5;8;73;23;12;5901
198904;AT1;AT13;AT130;10,9;24,5;0,5;16,4;6,4;0;0;0;0;984,7;993,1;972,4;140;2;13;71;100;24;16,2;12;87;89;14;5901
198905;AT1;AT13;AT130;14,9;25,6;4,9;20,1;10,2;0;0;3;0;994,7;1003,8;982,3;241;6;9;66;100;35;13;4;86;92;14;5901
198906;AT1;AT13;AT130;16,7;27,5;8,7;21,5;12,4;0;0;4;0;991,4;998,1;982;182;1;9;72;100;32;13;4;70;82;16;5901
198907;AT1;AT13;AT130;20,7;32;10,1;25,7;16,2;0;0;18;2;993,5;1000,1;985;210;2;8;67;99;33;10,8;2;73;51;16;5901
198908;AT1;AT13;AT130;19,5;31,6;10,4;24,3;15,6;0;0;18;2;990,1;998,6;982;187;2;9;75;100;37;12,2;4;73;142;15;5901
198909;AT1;AT13;AT130;15,6;26,8;8,1;20,3;12,3;0;0;3;0;993,9;1003,1;986;152;6;11;83;100;36;11,9;2;66;55;8;5901
198910;AT1;AT13;AT130;10,9;22,8;2,1;16,2;7,4;0;0;0;0;995,3;1006;981,1;179;6;7;79;100;34;11,2;5;76;25;9;5901
198911;AT1;AT13;AT130;3,5;18,8;-7,6;6,8;1,3;15;2;0;0;994;1010,8;974,1;100;8;8;78;100;21;14;6;97;24;8;5901
198912;AT1;AT13;AT130;2,1;16,1;-9,9;5,6;-0,8;19;4;0;0;993,3;1017,2;970,5;87;4;13;81;100;31;11,2;7;86;6;7;5901
199001;AT1;AT13;AT130;0,6;13,8;-9,8;3,6;-1,7;18;12;0;0;1000,3;1014,2;980,8;47;2;18;80;100;30;10,8;3;80;3;4;5901
199002;AT1;AT13;AT130;5,7;19,1;-0,8;10,7;1,9;4;0;0;0;991,9;1015,8;958,6;141;10;7;73;100;27;11,9;7;104;73;10;5901
199003;AT1;AT13;AT130;9,5;24,3;0,9;15,1;5,3;0;0;0;0;1000,4;1015,2;966,3;167;6;10;60;100;22;15,1;11;105;33;10;5901
199004;AT1;AT13;AT130;9,3;22,6;-0,2;14,1;5,6;1;0;0;0;989;1007,1;976,6;144;2;13;71;100;29;13;5;70;91;15;5901
199005;AT1;AT13;AT130;16,3;26;6,2;22,1;11;0;0;6;0;994,3;1007,9;984,3;272;3;4;61;100;27;10,1;0;50;42;8;5901
199006;AT1;AT13;AT130;18,3;32,3;8,9;23,8;13,4;0;0;10;2;989,9;1000,2;979,5;197;1;9;69;100;30;12,6;4;89;65;15;5901
199007;AT1;AT13;AT130;19,8;32,1;10,1;25,6;14,5;0;0;18;3;993,4;1003,1;980,7;266;5;6;61;100;28;11,5;2;84;50;9;5901
199008;AT1;AT13;AT130;21,2;33,5;12,4;28;15,5;0;0;25;11;994,3;1001,8;986,4;296;6;5;59;97;25;11,2;2;80;14;8;5901
199009;AT1;AT13;AT130;13,8;26,3;5,3;18,6;10,4;0;0;1;0;992,1;1003,4;976,2;124;1;12;76;100;36;11,9;2;61;69;17;5901
199010;AT1;AT13;AT130;10,6;24,5;-1,5;15,5;7,2;2;0;0;0;992,4;1005,3;962,6;153;10;8;79;100;25;10,8;2;98;33;7;5901
199011;AT1;AT13;AT130;6,3;15,9;-0,9;9,4;4,1;1;0;0;0;989,7;1003,8;974,8;47;1;18;84;100;43;11,9;4;82;51;17;5901
199012;AT1;AT13;AT130;0,7;7,3;-7,3;2,6;-1,1;17;2;0;0;994,4;1005,8;970,8;32;0;20;86;100;50;14,4;5;69;44;18;5901
199101;AT1;AT13;AT130;1,2;13,9;-10,8;4,4;-1,3;17;5;0;0;1001,6;1014,3;983,5;80;6;14;80;100;39;9,4;2;64;6;8;5901
199102;AT1;AT13;AT130;-2,1;12,1;-15,9;2,3;-5,4;25;9;0;0;994,7;1010,3;968,3;107;4;7;74;100;33;10,4;3;85;16;9;5901
199103;AT1;AT13;AT130;7,2;21,5;0,3;11,5;4,2;0;0;0;0;991,6;1007,3;974,9;86;4;18;80;100;33;10,8;1;76;26;12;5901
199104;AT1;AT13;AT130;9,3;19,7;-0,1;14,6;5;1;0;0;0;991;1005;975,9;152;0;7;68;100;23;11,9;1;62;27;11;5901
199105;AT1;AT13;AT130;12;23,6;3,7;16,5;8,1;0;0;0;0;991,2;1002,4;981,4;168;1;12;68;100;37;14,8;5;69;178;15;5901
199106;AT1;AT13;AT130;17,7;30,2;6,9;23,2;12,5;0;0;11;1;989,8;1001,3;977,5;235;1;7;67;99;33;13,3;6;87;48;14;5901
199107;AT1;AT13;AT130;21,7;33,9;10;26,9;16,9;0;0;21;7;991,3;1001,6;984,1;249;5;7;67;100;29;13;3;67;81;10;5901
199108;AT1;AT13;AT130;20,3;31;11,7;25,2;16,2;0;0;14;4;993,8;1000,7;981,6;215;3;7;69;100;36;11,9;2;73;50;10;5901
199109;AT1;AT13;AT130;16,8;27,7;9,3;22,3;12,7;0;0;6;0;993,1;1005;977;173;5;7;72;100;33;11,2;2;62;16;11;5901
199110;AT1;AT13;AT130;9,2;22,9;-3,6;13,6;6,3;6;0;0;0;994,3;1006,4;980,7;155;6;8;77;100;36;13;2;76;30;10;5901
199111;AT1;AT13;AT130;5;13,6;-1,6;8,1;2,8;2;0;0;0;992,4;1005,7;974,2;54;1;17;84;100;39;12,2;4;80;75;14;5901
199112;AT1;AT13;AT130;-0,1;12,3;-12,6;2,8;-2,4;15;7;0;0;1001,7;1017,2;972,7;74;3;14;79;100;44;13,7;10;88;85;14;5901
199201;AT1;AT13;AT130;2,4;13,2;-8,9;4,9;0,4;15;2;0;0;1003,7;1014,1;987,5;69;2;16;74;98;30;15,8;13;101;29;10;5901
199202;AT1;AT13;AT130;3,9;15;-3,4;7,7;1,1;12;0;0;0;998,2;1008;983,7;96;4;10;73;99;33;16,2;11;98;48;14;5901
199203;AT1;AT13;AT130;6,1;16,7;-1,4;11;2,6;5;0;0;0;991,4;1012,3;963,9;138;7;11;69;97;30;13,3;14;85;98;17;5901
199204;AT1;AT13;AT130;10,5;26,5;2,6;15,7;6,4;0;0;1;0;988,2;1001,3;966,9;180;2;9;61;94;19;13,3;7;76;33;10;5901
199205;AT1;AT13;AT130;15,6;24,9;7,6;20,9;10,7;0;0;0;0;995,1;1005,5;983,1;273;8;4;61;90;35;11,5;1;70;19;7;5901
199206;AT1;AT13;AT130;19,2;29,9;10,7;23,9;15;0;0;13;0;988,7;997,6;979,2;194;3;11;65;96;34;11,9;1;66;72;11;5901
199207;AT1;AT13;AT130;21,5;33,6;12,4;27,2;16,3;0;0;23;7;992,3;1003;982,2;292;9;4;59;92;24;11,9;1;78;48;8;5901
199208;AT1;AT13;AT130;24,3;36,4;12,9;31,5;18,7;0;0;30;21;990,9;1001,7;974,7;307;11;1;56;92;25;11,2;4;76;20;8;5901
199209;AT1;AT13;AT130;15,9;26,1;7,8;21,9;11,7;0;0;4;0;994,9;1002,1;983;208;8;5;67;95;37;11,9;4;82;44;8;5901
199210;AT1;AT13;AT130;8,8;22,5;-0,5;12,3;6,4;1;0;0;0;986,3;1002,9;971,3;90;1;14;76;97;36;11,5;2;80;70;15;5901
199211;AT1;AT13;AT130;5,5;17,3;-1,7;8,7;3,2;4;0;0;0;993,1;1007,3;972,8;53;3;12;78;98;34;12,2;8;68;82;18;5901
199212;AT1;AT13;AT130;0,4;11,5;-10;2,2;-0,9;12;8;0;0;997,6;1017,3;969,8;39;3;19;83;98;52;13,3;2;79;39;10;5901
199301;AT1;AT13;AT130;2;16,7;-13,9;6,1;-1,3;16;8;0;0;1000,9;1015,8;976,9;120;7;3;70;95;40;13,3;8;100;44;12;5904
199302;AT1;AT13;AT130;-1,2;7,7;-12,4;2,6;-3,8;23;6;0;0;1001,6;1016,5;970,1;114;8;5;76;98;35;13;7;86;59;10;5904
199303;AT1;AT13;AT130;4,3;20,7;-6,6;8,7;1,2;16;2;0;0;995,5;1003,7;983,7;162;5;10;67;96;28;13,7;5;72;46;16;5904
199304;AT1;AT13;AT130;10,8;24,6;0;15,7;6,7;0;0;0;0;988,8;996,7;979,6;194;6;9;62;94;28;11,9;3;63;20;8;5904
199305;AT1;AT13;AT130;17,5;29,2;7,3;23,7;11,7;0;0;10;0;989,4;999,2;974,4;297;6;3;61;94;27;10,8;5;84;22;10;5904
199306;AT1;AT13;AT130;18,8;30,4;9,6;24;13,9;0;0;13;2;990,5;998,6;981,9;241;4;6;63;92;30;12,6;4;74;61;14;5904
199307;AT1;AT13;AT130;19,3;31,7;9,9;25,1;14,5;0;0;17;4;991,3;997,6;979,8;232;5;6;65;92;35;13,3;3;77;87;16;5904
199308;AT1;AT13;AT130;19,7;33,1;10;25,8;14,8;0;0;19;9;993,1;1000;981,6;267;6;6;63;91;30;10,4;2;82;99;14;5904
199309;AT1;AT13;AT130;14,8;27,3;4,5;19,8;11,4;0;0;4;0;989,1;1003,2;974,9;185;4;7;73;92;29;11,9;0;60;40;10;5904
199310;AT1;AT13;AT130;10,3;24,2;-0,2;14,1;7,6;1;0;0;0;992,1;1011,1;974,1;85;3;12;81;93;50;9,7;3;76;65;12;5904
199311;AT1;AT13;AT130;1,5;13,5;-7,9;3,5;-0,1;18;12;0;0;997,6;1010,8;978,4;30;1;20;88;100;66;11,2;0;50;48;18;5904
199312;AT1;AT13;AT130;2,9;15,4;-5,7;6,1;0,4;13;3;0;0;987,5;1003,6;967,2;48;0;15;83;100;52;11,9;9;84;53;22;5904
199401;AT1;AT13;AT130;4,3;15,3;-5;7,6;1,8;7;0;0;0;989,8;1006,7;972,9;85;3;12;77;100;41;12,6;8;102;31;15;5904
199402;AT1;AT13;AT130;1;12,6;-11,5;4,9;-1,8;15;7;0;0;992,9;1007,8;980,3;116;2;13;82;99;52;9,7;0;47;8;6;5904
199403;AT1;AT13;AT130;8,5;22,7;-0,6;13,1;5,1;2;0;0;0;993,3;1007,1;978,2;142;2;14;75;99;42;13,7;11;100;48;23;5904
199404;AT1;AT13;AT130;10,3;24,3;1,1;15,6;6,1;0;0;0;0;986,2;1005,7;971,7;196;4;7;72;99;44;12,6;7;71;103;12;5904
199405;AT1;AT13;AT130;15,1;27,3;4,1;20,4;10,6;0;0;4;0;988,8;999,9;971,2;207;2;8;73;99;44;11,5;4;69;58;17;5904
199406;AT1;AT13;AT130;19,2;33,1;9,2;24,4;14,4;0;0;15;4;992,6;999,3;979,7;243;5;7;67;96;40;13;4;108;44;9;5904
199407;AT1;AT13;AT130;23,2;34,4;14,4;29,4;17,5;0;0;28;14;992,3;997,8;986,5;336;12;0;64;97;37;9;0;54;76;8;5904
199408;AT1;AT13;AT130;21,3;34,1;11;27,3;16,7;0;0;20;10;989,9;999,7;978,2;274;7;3;70;97;43;11,9;5;73;76;13;5904
199409;AT1;AT13;AT130;17,2;28,5;7,2;22,6;13,5;0;0;8;0;990,5;1001,9;976,2;187;0;5;77;98;46;10,4;2;74;22;11;5904
199410;AT1;AT13;AT130;8,2;22;0,7;12,7;5,3;0;0;0;0;994,7;1008,4;978,6;132;2;11;81;99;39;10,8;5;72;42;10;5904
199411;AT1;AT13;AT130;7,1;19,1;-0,2;9,9;4,8;1;0;0;0;996,4;1007,3;981,8;60;0;18;82;99;51;13;3;78;67;16;5904
199412;AT1;AT13;AT130;2,4;13,7;-4,4;5;0,3;18;3;0;0;997,5;1011,6;975,1;75;3;16;84;99;56;12,6;8;82;41;16;5904
199501;AT1;AT13;AT130;0,3;16,1;-7;3;-2;24;10;0;0;992,4;1010,3;970,5;76;1;12;78;99;50;15,1;7;113;30;18;5904
199502;AT1;AT13;AT130;5,8;15,4;-2,8;10;2,6;6;0;0;0;990,6;1010,7;968,4;98;0;9;76;99;39;14;9;90;33;14;5904
199503;AT1;AT13;AT130;4,7;19,1;-3;9,5;1,5;10;0;0;0;989,2;1009,2;966,2;144;2;10;75;100;36;14,8;8;89;65;17;5904
199504;AT1;AT13;AT130;10,8;26,8;0,8;15,4;6,9;0;0;2;0;989,2;1000,7;971;174;1;11;70;98;36;15,8;6;76;82;20;5904
199505;AT1;AT13;AT130;14,9;28,3;4,2;20,3;10,1;0;0;8;0;990,3;1006,6;962,5;262;2;9;66;95;38;13;2;74;58;9;5904
199506;AT1;AT13;AT130;17,4;29;9,7;22,1;13,5;0;0;7;0;989,9;998,4;981,2;193;3;11;72;98;45;12,2;2;69;119;14;5904
199507;AT1;AT13;AT130;22,9;33,4;14,6;28,8;17,4;0;0;28;13;991,1;998,8;976,8;326;10;3;61;87;34;10,4;1;77;24;7;5904
199508;AT1;AT13;AT130;19,6;31,3;9,2;25;15,3;0;0;19;2;990,7;1000,2;979,9;235;3;8;62;88;29;10,8;0;57;74;14;5904
199509;AT1;AT13;AT130;14,1;24,4;6,9;18,8;10,8;0;0;0;0;988,6;997,3;978,5;167;2;9;75;96;38;13,3;2;82;129;14;5904
199510;AT1;AT13;AT130;11,3;21,7;1,2;15,4;8,5;0;0;0;0;999,6;1005,6;990,5;135;4;9;83;99;39;8,3;2;69;11;8;5904
199511;AT1;AT13;AT130;2,5;12,4;-6,3;4,6;0,9;13;3;0;0;993,5;1008,3;974,4;38;1;25;87;100;48;14,8;8;96;73;20;5904
199512;AT1;AT13;AT130;-0,2;12,6;-10,8;1,7;-1,7;21;8;0;0;993,8;1011,4;968,7;23;1;28;89;100;47;10,8;0;55;78;23;5904
199601;AT1;AT13;AT130;-2,7;6,1;-12,2;-0,8;-4,1;26;23;0;0;994,7;1008,3;980;29;1;25;91;100;69;11,2;1;60;49;19;5904
199602;AT1;AT13;AT130;-2,6;7,5;-14,4;0,8;-5,1;25;12;0;0;989,2;1004,5;972,8;111;4;11;80;100;51;12,6;2;87;40;16;5904
199603;AT1;AT13;AT130;2;11,1;-6,1;5,5;-0,6;18;2;0;0;991,7;1005,1;983;102;2;14;80;100;32;12,2;1;74;31;15;5904
199604;AT1;AT13;AT130;9,9;25,3;-2,7;15,2;5,5;2;0;1;0;990,3;997,5;976,3;202;7;11;73;100;32;10,8;1;64;111;15;5904
199605;AT1;AT13;AT130;15,6;28,4;6,1;20,7;11,2;0;0;5;0;986,4;999,1;971,5;208;1;12;76;100;41;11,9;4;71;85;16;5904
199606;AT1;AT13;AT130;19,1;31,2;9,1;24,8;13,9;0;0;14;5;993,3;1005,2;978,2;299;5;4;69;99;38;11,9;1;66;72;11;5904
199607;AT1;AT13;AT130;18,6;29,7;9,6;24,1;13,7;0;0;13;0;992,1;1001;973,5;261;4;7;70;97;37;12,2;3;103;28;12;5904
199608;AT1;AT13;AT130;18,8;31;11,2;24,4;14,7;0;0;12;1;991,4;997,3;984,8;214;4;6;77;100;40;10,4;0;53;66;13;5904
199609;AT1;AT13;AT130;12,3;22,4;6,4;15,6;10,1;0;0;0;0;988,9;1002,1;974,7;84;0;16;84;99;57;13,7;2;70;137;23;5904
199610;AT1;AT13;AT130;11;23;0,8;15,1;8,4;0;0;0;0;993,3;1003,8;979;137;2;9;81;99;47;11,9;4;79;51;10;5904
199611;AT1;AT13;AT130;6,9;19,3;-2,4;10,6;4,4;5;0;0;0;987,7;1005,8;966;92;0;11;81;100;49;11,9;7;85;22;14;5904
199612;AT1;AT13;AT130;-2,3;7,5;-18,1;-0,3;-3,9;21;12;0;0;991,8;1013,2;974,9;62;2;17;85;99;50;11,2;1;63;26;15;5904
199701;AT1;AT13;AT130;-2,4;5;-10,2;-0,6;-4;29;16;0;0;999,6;1011,4;977,6;28;0;24;88;98;60;9,4;0;58;14;15;5904
199702;AT1;AT13;AT130;3,8;16,7;-8,1;8,1;0,6;12;1;0;0;997,2;1012;975,3;131;5;8;72;98;35;13;9;103;23;12;5904
199703;AT1;AT13;AT130;5,7;16,8;-2;10,5;2,3;5;0;0;0;997,6;1011,1;976,9;156;5;13;72;99;28;12,2;2;87;91;20;5904
199704;AT1;AT13;AT130;7,8;20,9;-1,5;13,2;3,5;4;0;0;0;991,6;1008,6;978,2;206;3;11;62;98;31;15,1;9;92;64;18;5904
199705;AT1;AT13;AT130;15,9;28,8;6,5;21,5;11;0;0;11;0;990,1;1004,1;966,1;256;1;8;63;96;36;13;5;73;71;12;5904
199706;AT1;AT13;AT130;18,7;31,4;4,8;23,9;13,8;0;0;11;3;987,2;997,9;976,5;240;2;7;67;95;39;12,6;1;83;43;13;5904
199707;AT1;AT13;AT130;19,2;29,4;11,8;24;15,2;0;0;12;0;989,9;997,5;979;199;1;13;74;95;36;13,7;6;78;244;21;5904
199708;AT1;AT13;AT130;20,2;29;12,4;26,1;15,4;0;0;22;0;992,5;999,2;977,1;297;5;3;71;96;36;9,7;2;88;31;8;5904
199709;AT1;AT13;AT130;15,4;28,8;4,3;21,6;11;0;0;7;0;996,5;1003,9;985;271;10;3;72;97;39;9,4;4;67;22;5;5904
199710;AT1;AT13;AT130;8,1;21,8;-4,5;12,7;5;6;0;0;0;992,9;1013,3;969,2;157;4;6;76;97;40;11,2;4;74;28;16;5904
199711;AT1;AT13;AT130;5,4;20,8;-3,7;8,5;3;6;0;0;0;988,1;1002,3;973,9;85;5;18;82;98;49;10,4;1;62;74;16;5904
199712;AT1;AT13;AT130;2,6;12,3;-6,9;4,7;0,9;8;3;0;0;990,5;1008,7;973,8;23;0;22;82;97;58;13;1;73;53;19;5904
199801;AT1;AT13;AT130;2,2;14,6;-8,4;5,1;-0,2;17;3;0;0;994;1005,8;974,2;74;3;15;77;97;39;12,6;5;98;29;13;5904
199802;AT1;AT13;AT130;6,1;17,8;-13,7;10,9;2,5;9;2;0;0;999,6;1010,8;983,2;167;5;4;66;97;25;14,8;6;79;4;2;5904
199803;AT1;AT13;AT130;5,3;19,5;-6,1;10,1;1,9;11;0;0;0;995,7;1006,2;978,7;167;3;6;64;98;33;14,4;9;95;65;17;5904
199804;AT1;AT13;AT130;11,8;23,5;0,7;17,3;7,5;0;0;0;0;982,5;995,8;967,2;202;0;9;65;96;36;14,4;8;76;31;11;5904
199805;AT1;AT13;AT130;15,7;27,9;7;21,2;11;0;0;10;0;990,3;1001,9;975,5;253;5;6;64;99;34;12,6;0;58;43;9;5904
199806;AT1;AT13;AT130;19,8;34,6;7,6;25,5;14,5;0;0;18;3;991,1;999,9;978,3;246;2;6;67;96;29;12,6;6;82;62;17;5904
199807;AT1;AT13;AT130;20,3;33,5;10,1;25,7;15,9;0;0;16;8;988,6;994,3;976,9;229;3;8;73;99;37;12,2;4;79;136;19;5904
199808;AT1;AT13;AT130;20,5;35,2;10,4;26,4;15,7;0;0;21;9;991,9;1002,6;982,5;277;3;2;68;99;37;9,7;2;72;38;10;5904
199809;AT1;AT13;AT130;14,5;24,3;7,7;18,8;11,5;0;0;0;0;988,6;1005,1;968,4;126;2;11;82;99;44;13;2;104;120;14;5904
199810;AT1;AT13;AT130;10,7;20,1;3,6;14,5;8,1;0;0;0;0;990;1003,7;973,8;93;0;15;83;99;47;11,2;5;83;94;21;5904
199811;AT1;AT13;AT130;2,7;15,8;-6,9;5,5;0,8;14;3;0;0;993,5;1011,2;967,1;96;0;15;82;99;43;10,8;3;95;35;16;5904
199812;AT1;AT13;AT130;-0,7;9,5;-11,4;1,7;-2,7;25;12;0;0;997,7;1008;978,4;50;1;16;83;99;56;12,2;4;84;33;12;5904
199901;AT1;AT13;AT130;0,7;11,1;-8,4;3,3;-1,2;21;9;0;0;993;1008,9;976,6;58;0;16;84;99;49;11,2;5;84;17;11;5904
199902;AT1;AT13;AT130;1;14,8;-9;4,2;-1,4;15;5;0;0;987,2;1007,1;968;77;1;15;77;98;42;20,2;17;99;112;21;5904
199903;AT1;AT13;AT130;7,1;21,4;-2,5;12,2;3,5;6;0;0;0;988,2;1005,2;966,9;175;2;8;74;97;32;12,2;5;77;31;13;5904
199904;AT1;AT13;AT130;11,7;21,2;0,9;17;7,5;0;0;0;0;988,5;1002,1;973,3;198;0;6;70;99;36;11,2;3;75;48;11;5904
199905;AT1;AT13;AT130;15,8;30,7;5,1;20,9;11,3;0;0;5;1;991,8;999,4;979,3;247;2;8;68;99;37;11,5;1;65;90;12;5904
199906;AT1;AT13;AT130;18,1;29;8,9;23,2;13,7;0;0;9;0;992,2;1001,5;982,6;243;1;10;70;97;40;13;4;96;60;7;5904
199907;AT1;AT13;AT130;21,1;35,3;12,8;26,4;16,6;0;0;24;5;990,8;996,8;980;261;6;8;69;97;36;13,7;3;88;79;8;5904
199908;AT1;AT13;AT130;19,1;32,1;10,3;24,6;14,6;0;0;11;3;989,9;997,4;978,4;238;2;5;70;97;41;10,1;1;73;73;15;5904
199909;AT1;AT13;AT130;17,5;26,7;10,6;22,8;13,8;0;0;9;0;989,9;1000,8;975,3;205;6;9;79;97;40;10,1;2;71;60;9;5904
199910;AT1;AT13;AT130;10,7;22,2;-0,6;15;7,8;2;0;0;0;993,9;1004,1;976,4;136;1;7;78;98;40;15,1;6;81;16;9;5904
199911;AT1;AT13;AT130;3,5;16,1;-6;5,8;1,9;11;3;0;0;996,3;1010,3;978,4;53;1;20;85;98;51;12,6;1;86;52;12;5904
199912;AT1;AT13;AT130;1,6;11,9;-8,5;4,8;-0,7;15;4;0;0;988,9;1012,8;960,5;72;2;12;77;99;40;14,8;8;104;66;14;5904
200001;AT1;AT13;AT130;-0,7;12,9;-9,8;1,9;-2,9;26;12;0;0;997,4;1013,2;977,3;45;1;14;78;99;44;15,8;10;112;44;13;5904
200002;AT1;AT13;AT130;4,9;15;-3,8;9,2;1,9;6;0;0;0;995,7;1011,8;978,3;127;2;9;73;97;42;15,8;10;87;35;19;5904
200003;AT1;AT13;AT130;6,4;18,3;-0,8;10,9;3,2;3;0;0;0;991,7;1007,1;978,6;113;2;13;72;99;35;16,2;13;111;80;19;5904
200004;AT1;AT13;AT130;13,6;27,1;1,4;19,8;8,6;0;0;4;0;984,3;1001,2;968,7;278;3;4;63;92;31;14,8;8;87;11;4;5904
200005;AT1;AT13;AT130;17,4;30,3;8;23,9;11,7;0;0;14;1;991,1;1000,3;981,5;305;5;5;61;95;28;13;3;74;50;10;5904
200006;AT1;AT13;AT130;20,3;35,9;8,4;26,7;14,3;0;0;16;10;994;1005,2;987,2;322;6;3;57;96;30;13,3;3;67;22;8;5904
200007;AT1;AT13;AT130;18,9;33;11,6;24,1;14,6;0;0;14;3;987,2;998,4;974,2;173;0;10;68;96;33;14,4;8;86;65;22;5904
200008;AT1;AT13;AT130;21,5;37;10,3;27,8;16,4;0;0;21;12;992,6;998,9;982,9;297;6;3;64;96;25;10,1;1;88;54;8;5904
200009;AT1;AT13;AT130;15,2;28,3;8,5;20,1;11,8;0;0;4;0;991,3;1001,7;982,3;176;2;8;72;96;36;13,7;4;71;46;12;5904
200010;AT1;AT13;AT130;12,7;24,5;2,6;17,2;9,7;0;0;0;0;991,9;1006,8;971,9;139;3;11;78;97;37;13,7;5;66;54;13;5904
200011;AT1;AT13;AT130;7,6;17,1;-0,5;11,4;5,1;1;0;0;0;986,9;1001,1;965,9;81;0;11;83;99;45;10,8;3;69;33;10;5904
200012;AT1;AT13;AT130;2,5;15,6;-7,9;4,5;0,8;9;5;0;0;990,1;1004,1;966,2;39;2;18;87;100;49;11,9;3;72;42;17;5904
200101;AT1;AT13;AT130;0,5;9,2;-7,9;2,7;-1,2;21;6;0;0;992,6;1010;976;68;2;21;87;100;47;12,6;0;58;19;12;5904
200102;AT1;AT13;AT130;3,1;14;-7,1;7,2;0,2;12;0;0;0;992,3;1014,6;971,8;123;3;9;80;99;52;14;6;98;19;13;5904
200103;AT1;AT13;AT130;7,1;20;-2,3;11,6;4;5;0;0;0;983,7;1001,3;965,8;108;0;16;80;100;47;14,8;4;84;49;19;5904
200104;AT1;AT13;AT130;9,8;25,4;0,4;15,1;5,4;0;0;1;0;987,4;1002,3;974;187;1;12;75;98;38;13,7;6;89;32;16;5904
200105;AT1;AT13;AT130;17,2;29,3;6,6;23,2;11,6;0;0;12;0;990,5;1000,1;979;305;4;4;65;93;34;12,6;5;74;30;10;5904
200106;AT1;AT13;AT130;17,4;30,7;7,4;22,4;12,7;0;0;10;1;990,4;998,5;982,4;218;2;11;68;97;42;14,8;3;65;47;15;5904
200107;AT1;AT13;AT130;20,9;35,4;11,7;26,7;16,1;0;0;19;8;989,7;998,9;979,3;230;3;11;69;95;36;14;5;96;80;14;5904
200108;AT1;AT13;AT130;21,6;32,5;9,8;27,9;16,7;0;0;23;12;992,1;1000,4;985,2;293;6;3;70;96;44;12,6;3;76;43;8;5904
200109;AT1;AT13;AT130;13,6;23,8;6,1;17,7;10,8;0;0;0;0;987,8;995,8;979,7;114;0;16;82;99;53;14,8;5;85;99;22;5904
200110;AT1;AT13;AT130;13,1;25,7;2,7;17,3;10,4;0;0;1;0;995,2;1005,9;981,7;122;1;12;84;99;56;10,4;3;74;9;8;5904
200111;AT1;AT13;AT130;4,2;17,7;-2,6;7,6;1,9;6;0;0;0;994,9;1011,6;968,8;83;2;13;78;99;51;15,1;5;85;55;12;5904
200112;AT1;AT13;AT130;-1,6;9,5;-13,6;1,4;-3,9;27;9;0;0;996,6;1017;969,5;63;3;16;79;99;43;13,7;9;79;52;19;5904
200201;AT1;AT13;AT130;1,4;18,7;-12,3;4,5;-1,1;18;10;0;0;1000,5;1013,3;982;77;4;16;77;98;27;13,3;8;103;13;10;5904
200202;AT1;AT13;AT130;6,1;16,6;-3,8;10;3,2;5;0;0;0;990,8;1007,5;971,7;100;1;11;75;99;52;15,5;11;91;34;16;5904
200203;AT1;AT13;AT130;7,2;18,9;0,1;12,5;3,3;0;0;0;0;992,3;1005,1;978,9;203;3;6;69;99;34;13,7;8;81;66;8;5904
200204;AT1;AT13;AT130;10,2;21,8;-1,6;14,9;6,5;2;0;0;0;990,5;1006,7;973,8;177;3;14;69;97;43;13,3;3;64;57;12;5904
200205;AT1;AT13;AT130;17,6;28,3;7,4;23,2;12,7;0;0;6;0;989;1001,6;977,8;258;1;8;68;95;41;13,7;5;81;47;6;5904
200206;AT1;AT13;AT130;20,5;35,1;9,3;26,3;15,2;0;0;18;10;991,2;1000,5;972;283;2;7;66;95;44;12,6;5;65;71;11;5904
200207;AT1;AT13;AT130;21,7;33,4;11,9;28,1;16,3;0;0;27;8;989,3;997,2;980,2;293;3;4;67;94;42;11,2;6;78;52;14;5904
200208;AT1;AT13;AT130;20,4;29,5;14,6;25,7;16,4;0;0;21;0;988,7;996,6;972,1;226;2;10;76;96;47;11,9;3;80;207;15;5904
200209;AT1;AT13;AT130;14,6;27,1;5,2;19,4;11,3;0;0;5;0;992,1;1004,7;980,5;204;5;9;75;95;43;11,5;1;63;41;13;5904
200210;AT1;AT13;AT130;9,1;18,9;2,5;13,3;6,3;0;0;0;0;990;1001,7;975,8;99;0;14;82;97;44;11,5;6;84;92;19;5904
200211;AT1;AT13;AT130;7,5;20,4;-1,2;10,4;5,2;5;0;0;0;986,7;1003,4;972,8;49;0;20;81;97;56;11,2;6;73;69;13;5904
200212;AT1;AT13;AT130;-0,5;14,3;-8,9;1,7;-2,4;24;14;0;0;994,8;1007,2;974;30;1;21;84;96;55;12,2;1;89;64;18;5904
200301;AT1;AT13;AT130;-0,4;12,3;-13,7;2,2;-2,8;20;12;0;0;990,9;1009;971,1;64;0;18;80;97;51;15,1;8;99;68;20;5904
200302;AT1;AT13;AT130;-1,7;9,1;-9,5;2,1;-4,4;28;6;0;0;997,4;1011,1;967,2;134;7;7;74;95;44;11,2;2;62;1;2;5904
200303;AT1;AT13;AT130;6,4;21,5;-4,6;11,9;2,7;9;0;0;0;998;1013,2;986,9;184;5;9;67;96;28;13,3;3;63;14;9;5904
200304;AT1;AT13;AT130;10,1;27,9;-3;16;5,2;6;0;2;0;991;1002,7;977,3;225;3;7;63;94;31;14;5;87;28;10;5904
200305;AT1;AT13;AT130;17,8;31,1;5,5;23,9;12,6;0;0;16;1;992,6;1002,3;984;285;5;4;67;93;38;13,7;4;72;111;16;5904
200306;AT1;AT13;AT130;22,5;34,6;12,1;28,1;17;0;0;26;9;991;997,2;979,5;320;2;0;64;93;41;11,5;4;92;29;9;5904
200307;AT1;AT13;AT130;21,7;35,5;12;27,5;16,7;0;0;21;10;990,7;997,5;974,6;256;4;5;65;94;41;13,3;6;78;36;15;5904
200308;AT1;AT13;AT130;23,5;37,6;13,7;30,8;17,9;0;0;30;19;991,4;998,6;976,3;323;5;2;61;94;32;10,4;5;101;19;8;5904
200309;AT1;AT13;AT130;15,8;30,5;6;22,2;11,2;0;0;7;1;995,4;1007,6;982,6;246;10;7;71;97;31;12,6;3;82;43;11;5904
200310;AT1;AT13;AT130;7,9;23,6;-2,8;12;4,9;5;0;0;0;989,1;1006;970;125;4;8;80;98;49;14,8;9;93;36;13;5904
200311;AT1;AT13;AT130;6,7;17,8;-1;9,6;4,6;1;0;0;0;994,7;1010,5;967,6;69;2;13;85;98;51;12,6;5;89;25;15;5904
200312;AT1;AT13;AT130;1,1;10,2;-11,1;3,9;-1;19;4;0;0;994,8;1009,2;977,5;73;3;15;82;98;48;14;7;102;37;13;5904
200401;AT1;AT13;AT130;-1,5;9;-12,3;1,5;-3,8;26;13;0;0;987;1003,9;967,7;94;2;11;80;97;49;13,7;7;96;72;23;5904
200402;AT1;AT13;AT130;3,2;18,2;-5,5;6,4;0,9;18;0;0;0;993;1006,5;971,8;93;1;14;73;98;30;18,7;9;86;89;17;5904
200403;AT1;AT13;AT130;4,5;22,1;-8,2;8,6;1,5;11;0;0;0;995,8;1008,5;976,3;147;2;14;76;98;38;16,2;9;80;90;12;5904
200404;AT1;AT13;AT130;11,5;23,8;1,2;16,7;7,3;0;0;0;0;988,6;1000,4;971,9;190;1;8;70;95;39;13,3;0;58;26;10;5904
200405;AT1;AT13;AT130;14,3;26;5,1;19,4;9,8;0;0;1;0;988,6;1000,1;966,1;225;1;7;70;96;42;13;4;77;54;12;5904
200406;AT1;AT13;AT130;18,1;30,4;10,7;23;13,5;0;0;8;1;991,8;1002,1;979,5;221;2;11;71;96;40;12,2;3;75;122;18;5904
200407;AT1;AT13;AT130;20,2;31,4;10,4;25,4;15,6;0;0;17;4;991,4;996,9;984,1;245;1;7;71;97;41;14,4;5;83;46;17;5904
200408;AT1;AT13;AT130;20,7;32,4;11,4;26,8;15,8;0;0;24;4;989,2;998,8;981,5;282;1;5;71;97;38;12,2;4;105;26;12;5904
200409;AT1;AT13;AT130;15,5;26,9;6,5;21,1;11,3;0;0;4;0;995,2;1006,1;974,5;218;2;6;73;96;35;12,2;3;74;40;12;5904
200410;AT1;AT13;AT130;11,3;22,2;0,1;15,5;8,3;0;0;0;0;990,7;1004,7;976,1;111;0;13;84;97;47;10,4;1;75;38;15;5904
200411;AT1;AT13;AT130;6,2;15,5;-4,1;9,1;3,9;3;0;0;0;993,6;1006,9;972,4;67;2;19;78;96;46;18;13;119;48;12;5904
200412;AT1;AT13;AT130;1,4;11,4;-5,8;3,5;-0,3;16;7;0;0;995,6;1007,8;972,6;42;2;19;81;97;40;11,9;4;83;14;8;5904
200501;AT1;AT13;AT130;1,8;12,8;-8,9;5,1;-0,6;14;7;0;0;994,9;1006,9;970,2;90;3;14;76;97;43;17,6;12;112;61;19;5904
200502;AT1;AT13;AT130;-1;9,2;-10,6;1,8;-3;22;7;0;0;991,5;1011,4;968,9;92;6;15;77;97;42;14,8;7;76;75;16;5904
200503;AT1;AT13;AT130;4;20,2;-10,5;9;0;15;5;0;0;991,5;1003,4;974,5;213;4;8;68;94;35;14;8;90;18;10;5904
200504;AT1;AT13;AT130;11,3;22;-0,9;17;6,4;2;0;0;0;989,3;1005,3;971;216;5;9;62;94;29;12,2;3;72;29;11;5904
200505;AT1;AT13;AT130;15,9;33,7;4;21,9;10,5;0;0;10;3;991,3;1002,7;981,3;287;2;9;63;95;31;13,7;8;80;47;12;5904
200506;AT1;AT13;AT130;19,2;31,6;7,8;24,3;14,3;0;0;18;1;992,5;1002,5;982,5;259;1;6;63;93;32;13;2;65;45;10;5904
200507;AT1;AT13;AT130;20,8;35,6;10,7;26,4;16;0;0;19;7;989,8;997,1;983,1;233;4;10;67;94;36;13,7;6;89;63;14;5904
200508;AT1;AT13;AT130;18,7;30,2;10,9;23,8;14,6;0;0;12;1;990,8;1001,2;983,8;208;4;10;70;94;36;13;3;71;104;14;5904
200509;AT1;AT13;AT130;16,5;28,7;7,2;21,6;12,9;0;0;6;0;993,9;1001,9;978,3;196;5;10;74;96;39;10,4;1;60;43;10;5904
200510;AT1;AT13;AT130;10,7;21,2;-0,2;15,3;7,5;1;0;0;0;998;1005;986,8;180;5;6;77;96;40;10,4;1;64;3;5;5904
200511;AT1;AT13;AT130;4,2;14;-5,3;6,7;2,4;8;1;0;0;993,7;1008,7;971,6;65;0;17;81;98;51;10,8;1;63;24;12;5904
200512;AT1;AT13;AT130;0,5;7,2;-8,4;2,9;-1,3;20;5;0;0;991,3;1015,4;963,5;69;1;15;78;96;52;16,9;10;103;83;20;5904
200601;AT1;AT13;AT130;-3,4;6,2;-16,1;-0,6;-5,6;26;15;0;0;1001,1;1017,4;978,6;109;8;11;79;97;45;11,5;1;86;47;9;5904
200602;AT1;AT13;AT130;-0,6;10,6;-11,2;2,8;-2,9;20;6;0;0;989,7;1005,1;970,7;102;1;12;78;96;48;13;4;81;35;16;5904
200603;AT1;AT13;AT130;3,5;21,9;-4,5;7,6;0,5;18;0;0;0;986,4;1001,6;970,1;145;2;14;74;96;35;15,1;4;72;77;17;5904
200604;AT1;AT13;AT130;11,7;25,3;0;17,4;7,3;0;0;2;0;988,7;994,2;977,6;204;3;11;69;97;33;12,2;1;77;70;15;5904
200605;AT1;AT13;AT130;14,9;25;4,4;20,2;10,3;0;0;2;0;991,7;1001,6;979,1;235;3;10;69;95;36;14;5;75;74;15;5904
200606;AT1;AT13;AT130;19,4;31,4;7,5;24,3;14,7;0;0;18;4;994,2;1003,5;987,3;263;2;6;67;95;39;12,6;4;69;65;13;5904
200607;AT1;AT13;AT130;23,9;34,9;14,3;29,8;18,3;0;0;26;17;994,1;1002,4;983,1;363;8;3;60;89;32;11,9;0;59;37;6;5904
200608;AT1;AT13;AT130;17,7;31;10,5;22,5;14,2;0;0;7;1;986,3;997,2;978,9;205;0;8;75;95;44;15,1;5;68;207;20;5904
200609;AT1;AT13;AT130;17,5;28,1;8,8;23,2;13,4;0;0;5;0;992,9;1003,9;986,3;269;11;6;74;96;45;13;1;65;17;5;5904
200610;AT1;AT13;AT130;12,3;25,7;1,2;17,8;8,6;0;0;1;0;992,3;1004,4;973,8;212;7;6;78;97;44;11,5;3;96;15;7;5904
200611;AT1;AT13;AT130;7,8;18;-0,8;10,6;5,7;2;0;0;0;993,8;1011,2;974,6;54;0;18;81;97;51;14,8;10;95;32;13;5904
200612;AT1;AT13;AT130;3,5;15,2;-6,3;6,3;1,3;13;2;0;0;1001,5;1015,2;977,8;67;3;16;83;98;49;11,5;3;77;18;12;5904
200701;AT1;AT13;AT130;6;18,6;-7,7;9,4;3,2;8;2;0;0;992,5;1007,2;965,9;80;1;13;73;98;49;17,6;19;122;54;19;5904
200702;AT1;AT13;AT130;5,2;14,5;-0,9;9;2,5;4;0;0;0;988,2;1003,4;974,1;104;0;11;78;97;46;14,4;6;94;72;11;5904
200703;AT1;AT13;AT130;7,7;18,4;1;12,9;4;0;0;0;0;990,9;1010,8;963,5;177;4;9;72;97;42;13,7;6;88;89;9;5904
200704;AT1;AT13;AT130;13,2;25,3;1,1;19,6;7,4;0;0;1;0;995;1004,4;982,3;317;9;1;60;87;38;11,9;1;64;2;2;5904
200705;AT1;AT13;AT130;16,8;30,7;2,7;22,4;11,7;0;0;14;1;986,8;994,6;969,2;268;4;8;67;94;36;14;9;89;87;12;5904
200706;AT1;AT13;AT130;21,1;34,6;10,4;27;15,8;0;0;22;4;988;995,1;977,7;280;0;5;65;92;40;12,2;6;113;66;15;5904
200707;AT1;AT13;AT130;22,1;36,8;11,3;28,4;16,3;0;0;25;11;988,7;995,9;978,3;313;7;5;63;93;32;15,1;10;94;56;15;5904
200708;AT1;AT13;AT130;20,5;32,9;11,5;26,5;15,7;0;0;21;6;989,4;1001,2;980,8;265;2;8;66;94;38;12,6;2;66;58;17;5904
200709;AT1;AT13;AT130;13,6;25,2;5,4;18,4;10,1;0;0;1;0;992,6;1003,1;979,2;177;4;13;77;95;44;13,7;4;72;196;14;5904
200710;AT1;AT13;AT130;9,1;21,4;0,5;13;6,3;0;0;0;0;997,5;1003,5;989,6;125;5;17;80;97;47;11,5;1;64;69;14;5904
200711;AT1;AT13;AT130;3,7;15,4;-2,8;6,5;1,8;10;1;0;0;992;1005,4;972,7;67;3;14;79;97;51;17,3;9;95;55;16;5904
200712;AT1;AT13;AT130;0,8;12,1;-5,4;2,5;-0,7;18;13;0;0;999,1;1014;970,5;30;0;24;83;96;49;11,9;1;72;60;13;5904
200801;AT1;AT13;AT130;3,3;13;-7,2;5,8;1,2;12;3;0;0;996,3;1012,4;979,3;62;0;17;79;97;44;15,5;7;105;40;16;5904
200802;AT1;AT13;AT130;4,4;19;-9;8,9;1,2;13;0;0;0;1001,3;1019,1;982,5;143;3;5;72;98;34;13,3;8;88;9;8;5904
200803;AT1;AT13;AT130;6,4;18,1;-1,4;11;3;6;0;0;0;982,1;1002,7;958,9;151;1;11;67;95;36;15,8;11;117;63;16;5904
200804;AT1;AT13;AT130;11;24;1,1;16,8;6,2;0;0;0;0;985,3;1002,6;970,3;205;2;12;69;93;34;14,8;6;109;60;11;5904
200805;AT1;AT13;AT130;16,2;29,4;7,8;21,5;11,1;0;0;6;0;990,6;999,8;978,7;294;3;8;64;93;37;11,9;1;70;56;9;5904
200806;AT1;AT13;AT130;20,4;32,4;10,3;25,5;15,6;0;0;18;3;990,4;996,6;983,6;267;1;7;67;93;38;10,4;4;103;115;15;5904
200807;AT1;AT13;AT130;20,5;31,4;12,7;25,7;16;0;0;19;2;990;999,2;981,9;251;3;7;66;92;38;14;4;90;96;13;5904
200808;AT1;AT13;AT130;20,1;30,3;10;25,8;15,7;0;0;22;1;989,9;998;977,9;273;4;5;68;89;41;12,2;4;76;44;10;5904
200809;AT1;AT13;AT130;14,5;30,7;4,6;19,4;11,2;0;0;9;2;992,6;1005,2;981;172;2;13;73;94;39;11,9;1;72;60;12;5904
200810;AT1;AT13;AT130;10,6;20;0,5;15,2;7,4;0;0;0;0;993,6;1008,8;968,3;123;2;9;79;94;36;9,7;4;69;28;6;5904
200811;AT1;AT13;AT130;7,2;19,1;-3,7;9,9;5,2;6;0;0;0;990,4;1003,7;968,2;61;1;16;78;94;48;15,1;5;115;58;11;5904
200812;AT1;AT13;AT130;2,5;10,8;-6,9;4,5;0,9;10;5;0;0;994,2;1013,9;971,9;36;1;19;80;95;55;16,2;7;76;40;17;5904
200901;AT1;AT13;AT130;-1,6;8,8;-10,9;0,8;-3,4;25;14;0;0;991,7;1011,9;959,3;76;2;19;81;95;40;11,9;2;82;35;8;5904
200902;AT1;AT13;AT130;1,2;13;-6,1;3,4;-0,7;16;4;0;0;987,6;1003,4;964,5;36;0;25;77;94;45;17,6;7;77;72;18;5904
200903;AT1;AT13;AT130;5,8;19,5;-2;9,4;3,1;1;0;0;0;987,7;1005,4;959,3;97;0;19;73;93;37;18;14;92;142;22;5904
200904;AT1;AT13;AT130;14,3;25,2;5,2;21,1;8,7;0;0;1;0;989,8;997,8;981;310;9;4;62;87;33;12,2;3;67;4;2;5904
200905;AT1;AT13;AT130;16,3;28,8;6,3;21,7;11,5;0;0;11;0;993,5;1000,4;984,8;251;3;6;67;95;44;13,7;4;73;83;16;5904
200906;AT1;AT13;AT130;18,2;30,7;8,2;23,3;13,8;0;0;11;1;989;1000,8;973,6;192;2;12;70;94;31;13,3;4;71;141;13;5904
200907;AT1;AT13;AT130;21,4;33,1;11,1;27,3;16,1;0;0;24;8;990,4;998,3;979;330;3;2;66;92;45;14;6;111;148;12;5904
200908;AT1;AT13;AT130;21,1;33,5;10,2;26,7;16,6;0;0;21;5;992,8;1000,4;983,5;280;4;6;70;91;44;11,2;1;90;84;9;5904
200909;AT1;AT13;AT130;17,2;27,9;9,5;22,5;13,5;0;0;4;0;994,8;1001,9;982,6;229;6;9;75;95;53;10,8;2;78;20;7;5904
200910;AT1;AT13;AT130;9,9;27,1;-0,1;13,7;7,3;1;0;2;0;991,8;1004,9;978,1;105;1;15;79;97;46;12,6;6;82;41;20;5904
200911;AT1;AT13;AT130;6,8;16,6;-0,3;10,1;4,3;1;0;0;0;988,2;1003,6;971,6;70;0;17;84;99;51;11,9;4;69;75;15;5904
200912;AT1;AT13;AT130;1,4;14,2;-12,4;4,2;-0,8;13;7;0;0;984,8;1000,9;965;56;0;17;80;99;50;12,2;4;78;55;13;5904
201001;AT1;AT13;AT130;-1,9;6,5;-11,7;0,2;-3,4;28;12;0;0;989,8;1009,6;962,8;46;1;21;81;95;60;13,3;4;76;62;17;5904
201002;AT1;AT13;AT130;0,9;14,4;-6,4;3,9;-1,2;19;7;0;0;982,1;996,3;967,7;66;0;17;76;96;41;12,2;3;76;18;9;5904
201003;AT1;AT13;AT130;6;22,8;-6,6;11,2;2,4;8;0;0;0;991,9;1003,3;973,6;173;2;11;67;95;35;14,8;8;86;17;10;5904
201004;AT1;AT13;AT130;10,8;25,9;0,5;16,2;6,2;0;0;1;0;993;1003;984,7;221;4;9;67;96;38;12,6;5;75;90;12;5904
201005;AT1;AT13;AT130;14,7;25,2;6,3;18,8;11,6;0;0;1;0;986,3;998,4;974,1;142;0;21;75;95;47;14;3;79;164;25;5904
201006;AT1;AT13;AT130;19,2;32,2;10,5;23,7;15;0;0;14;3;988,4;997,4;980,2;246;3;14;67;94;45;14;1;126;118;12;5904
201007;AT1;AT13;AT130;22,3;34,1;12,5;27,7;17,3;0;0;21;12;991,1;999,4;984,2;306;9;7;64;90;38;12,6;7;79;87;11;5904
201008;AT1;AT13;AT130;19,5;29,7;9,5;24,7;15,3;0;0;19;0;989,5;1001,3;981,5;242;3;7;70;91;44;13,3;4;78;120;18;5904
201009;AT1;AT13;AT130;14,2;24,5;6,2;18,6;11,3;0;0;0;0;991,1;999,7;975,5;164;2;13;72;94;43;14;3;90;64;14;5904
201010;AT1;AT13;AT130;7,8;17,3;-1,4;11,8;5,1;2;0;0;0;992,4;1004,3;980,7;143;6;14;77;94;49;12,2;2;66;22;6;5904
201011;AT1;AT13;AT130;7,5;19,8;-2,8;10,5;5,4;3;0;0;0;982,7;1000;956,7;73;0;16;78;97;51;12,6;11;86;35;12;5904
201012;AT1;AT13;AT130;-2,2;9,1;-14,2;0,5;-4,3;26;16;0;0;986,7;1001,6;968,9;60;1;16;83;98;54;13;8;87;41;15;5904
201101;AT1;AT13;AT130;1,1;13,6;-8,1;3,7;-0,7;17;6;0;0;994,9;1003,8;981,5;61;0;18;82;97;53;13,7;5;72;30;13;5904
201102;AT1;AT13;AT130;0,7;17,7;-9,9;4,6;-2,1;20;5;0;0;994,9;1005,1;979,9;139;6;10;71;98;24;14,4;6;111;9;5;5904
201103;AT1;AT13;AT130;6,4;20,5;-6,6;12,1;2,1;10;0;0;0;997,1;1011,5;975,9;200;8;10;67;96;23;12,6;3;85;37;7;5904
201104;AT1;AT13;AT130;13;26,2;2,9;19;8,3;0;0;2;0;992,3;1001,9;982,6;246;8;9;67;94;38;14;8;84;43;10;5904
201105;AT1;AT13;AT130;16;29,1;2;22,1;10,3;0;0;12;0;994,1;1003,6;977,6;327;8;5;64;95;37;13;5;80;55;9;5904
201106;AT1;AT13;AT130;19,8;30,3;11,2;25;15,2;0;0;17;1;991,1;1000,6;979;274;2;5;69;99;37;14,8;8;87;112;16;5904
201107;AT1;AT13;AT130;19,4;32,8;11,8;24,3;15,3;0;0;13;6;987;995,5;975,7;198;3;12;75;100;39;16,2;10;82;87;21;5904
201108;AT1;AT13;AT130;21,1;35,7;9,1;27,1;16;0;0;21;7;990,7;998,6;982,2;284;6;6;72;98;33;10,4;2;81;31;9;5904
201109;AT1;AT13;AT130;17,7;31,4;9,1;24;13,2;0;0;10;4;993,3;1005,3;979;248;5;6;76;100;38;11,2;4;84;22;7;5904
201110;AT1;AT13;AT130;10;25,8;0,3;14,4;7;0;0;2;0;997;1008,9;984,6;148;5;12;83;100;43;13;1;64;73;11;5904
201111;AT1;AT13;AT130;3,5;15,1;-2,9;6;1,6;16;1;0;0;1000,2;1011,6;986,1;72;2;18;90;100;52;10,4;0;60;0;0;5904
201112;AT1;AT13;AT130;3,9;12,1;-3,8;6,8;1,5;5;0;0;0;991;1012;958;45;0;21;81;100;51;13,3;8;90;18;12;5904
201201;AT1;AT13;AT130;2,6;10,7;-7,1;5,3;0,5;10;2;0;0;994,4;1005,9;965,3;93;0;10;76;100;41;18,4;13;81;91;18;5904
201202;AT1;AT13;AT130;-2,2;13,5;-15;1,3;-4,9;21;13;0;0;998,9;1009,2;971,5;128;2;9;73;100;36;16,9;8;100;26;12;5904
201203;AT1;AT13;AT130;8,5;21,6;-5;14;4,4;5;0;0;0;999,3;1011,5;978;223;10;9;68;100;31;13;5;73;27;6;5904
201204;AT1;AT13;AT130;11;30;-0,6;17,1;5,6;2;0;4;1;982,2;996,4;969;227;2;9;67;99;28;13,3;3;66;27;10;5904
201205;AT1;AT13;AT130;17,1;30,3;1,9;22,9;11,9;0;0;11;1;990,3;1003,4;978,6;280;2;6;63;98;35;14,4;4;74;38;13;5904
201206;AT1;AT13;AT130;20,6;35,6;7,1;26,3;15,2;0;0;19;7;989,3;999,1;974,2;255;3;8;68;100;34;12,6;5;82;68;18;5904
201207;AT1;AT13;AT130;21,6;34,9;12,8;27,1;17,3;0;0;21;11;990,7;1002,2;983,7;246;4;6;70;97;36;11,9;4;81;131;21;5904
201208;AT1;AT13;AT130;21,7;36,3;10,5;28,3;16,1;0;0;25;10;992,4;999,5;983,2;298;5;2;66;98;35;10,1;4;83;40;9;5904
201209;AT1;AT13;AT130;16,7;31;4,6;22,4;12,4;0;0;8;1;991,8;1000,3;977,9;202;2;6;73;99;37;11,9;2;69;45;9;5904
201210;AT1;AT13;AT130;10,1;25,5;-1,9;14,5;6,9;2;0;1;0;989,5;999,3;964,4;128;2;11;82;100;39;11,5;1;63;44;12;5904
201211;AT1;AT13;AT130;6,9;15,2;0;9,8;4,9;0;0;0;0;990,6;1007,9;965,3;63;2;15;86;99;54;11,5;6;92;20;10;5904
201212;AT1;AT13;AT130;0,8;11,8;-6,5;3,2;-1,1;19;4;0;0;990;1005,9;974,3;62;0;16;85;100;56;12,6;3;62;52;17;5904
201301;AT1;AT13;AT130;0,7;14,8;-9,7;3;-1,2;24;9;0;0;988,7;1007,1;970,9;25;0;22;85;100;43;14;7;92;103;20;5904
201302;AT1;AT13;AT130;1,3;10,8;-5,3;3,5;-0,3;16;2;0;0;988,7;1001,8;964,5;43;0;20;81;100;34;13,7;3;88;55;17;5904
201303;AT1;AT13;AT130;3;17,7;-6,5;7;0,4;15;3;0;0;984,5;999,4;968,5;138;2;18;73;100;39;14,4;6;75;39;15;5904
201304;AT1;AT13;AT130;11,7;28;-0,7;16,9;7,2;1;0;4;0;990,4;1003,1;977,2;208;1;12;68;97;36;11,5;1;71;13;6;5904
201305;AT1;AT13;AT130;15;25,9;7,2;19,7;11,2;0;0;2;0;986;997,6;973,8;214;1;9;73;98;37;14,8;6;73;136;19;5904
201306;AT1;AT13;AT130;18,7;33,4;6,9;23,3;14,3;0;0;13;5;991;1000,1;980,7;250;4;9;70;97;33;14,8;6;74;144;12;5904
201307;AT1;AT13;AT130;22,9;36,8;11,3;28,5;17,2;0;0;28;9;993,5;1002,2;984,1;385;8;0;59;91;35;11,5;2;69;11;1;5904
201308;AT1;AT13;AT130;21,3;38,5;11,2;27,4;16,3;0;0;17;12;992,7;1001,3;986,4;282;10;11;65;97;27;10,8;4;74;58;11;5904
201309;AT1;AT13;AT130;15,2;27;4,2;19,8;11,9;0;0;4;0;991,1;1002,7;975;156;2;12;74;98;39;13,7;3;66;90;14;5904
201310;AT1;AT13;AT130;11;22,5;1;15,5;7,9;0;0;0;0;994,3;1004,5;982,5;150;2;8;82;99;36;10,8;1;61;27;12;5904
201311;AT1;AT13;AT130;6,3;19,7;-1,7;9,1;4,1;2;0;0;0;990,6;1006,6;971,4;65;1;19;81;99;46;14;8;77;41;15;5904
201312;AT1;AT13;AT130;3,2;13,3;-3,2;5,9;1,2;9;3;0;0;998,8;1012,6;972,1;77;2;16;83;100;51;14;6;87;18;8;5904
201401;AT1;AT13;AT130;2,2;12,9;-9,8;4,9;0,3;13;4;0;0;988,2;999,3;975,1;62;1;20;86;100;43;11,9;2;70;8;10;5904
201402;AT1;AT13;AT130;4,1;13,1;-3,4;7,7;1,4;10;2;0;0;988,5;999,5;975,1;87;2;14;81;100;37;13,3;1;73;21;9;5904
201403;AT1;AT13;AT130;9,2;22,2;-0,1;15,2;4,8;1;0;0;0;991,5;1008,6;973,4;218;7;7;67;100;30;13,3;4;98;12;6;5904
201404;AT1;AT13;AT130;12,6;24,7;2,9;18,2;8,3;0;0;0;0;988,6;1000,7;981,1;203;0;12;72;98;30;12,6;1;74;66;13;5904
201405;AT1;AT13;AT130;14,9;28,6;4,7;19,8;10,7;0;0;6;0;989,5;996,7;982,3;231;0;10;70;99;33;16,2;7;68;189;18;5904
201406;AT1;AT13;AT130;19,6;33,2;10,5;25,2;14,2;0;0;15;4;991,3;997,3;982,4;304;4;7;59;96;34;11,5;0;56;33;7;5904
201407;AT1;AT13;AT130;21,9;33;12,5;27,2;17,1;0;0;25;8;988,3;1000,1;979;268;1;8;67;97;35;13;4;78;91;15;5904
201408;AT1;AT13;AT130;19;31,2;10;23,9;15,2;0;0;10;1;989,7;995,4;981,2;216;3;11;74;97;39;11,2;2;85;110;15;5904
201409;AT1;AT13;AT130;15,9;25,8;5;20,2;12,8;0;0;4;0;992,7;1004,5;985,2;154;0;12;83;98;50;12,2;2;62;109;13;5904
201410;AT1;AT13;AT130;12,2;22;0,6;15,9;9,7;0;0;0;0;993,9;1005,8;982;95;0;14;85;98;49;10,8;1;101;37;7;5904
201411;AT1;AT13;AT130;8,1;19;1,1;10,6;6,4;0;0;0;0;991;1003;977,6;55;0;20;88;98;44;13;2;63;34;11;5904
201412;AT1;AT13;AT130;3,9;15;-8,3;6,1;2,1;6;4;0;0;994,2;1010,4;979,7;75;1;16;78;98;43;16,6;9;99;43;15;5904
201501;AT1;AT13;AT130;3;17,7;-4,2;5,9;0,8;11;2;0;0;991,2;1008,7;952,1;57;0;20;81;99;40;15,5;12;96;71;19;5904
201502;AT1;AT13;AT130;2,3;10,5;-3,5;5,8;0;15;0;0;0;991,9;1015;966,5;116;3;9;80;99;42;14;3;82;37;8;5904
201503;AT1;AT13;AT130;6,6;16,7;-1,5;11,6;2,8;6;0;0;0;995,3;1009,7;972,2;151;4;12;69;99;34;13;5;99;40;12;5904
201504;AT1;AT13;AT130;11,2;25,9;0,3;17,3;6,2;0;0;2;0;993,5;1007;975,6;255;0;7;55;88;21;14,8;8;81;22;10;5904
201505;AT1;AT13;AT130;15,4;26,7;6,3;20,2;11,1;0;0;3;0;990,9;1004,6;981,8;178;0;15;68;93;30;13,3;1;65;48;17;5904
201506;AT1;AT13;AT130;20;32,3;10,1;25,6;14,7;0;0;19;5;993,2;1000,6;983;288;5;9;59;89;30;12,2;0;60;24;11;5904
201507;AT1;AT13;AT130;24,1;37,1;11,4;30,6;18,2;0;0;27;19;991;1001,9;982,2;310;4;3;55;93;22;10,8;6;85;34;13;5904
201508;AT1;AT13;AT130;23,6;36,9;11,4;30,2;18;0;0;22;16;991,3;999,2;982,4;298;8;8;59;98;18;10,8;0;58;44;9;5904
201509;AT1;AT13;AT130;16,1;33,5;7,4;21,1;12,6;0;0;5;2;992,9;1007,3;978,2;160;1;12;69;94;31;13,3;4;85;50;14;5904
201510;AT1;AT13;AT130;9,9;20,7;0,1;13,3;7,5;0;0;0;0;994,6;1011,6;985,4;84;3;19;85;100;45;11,2;0;54;80;12;5904
201511;AT1;AT13;AT130;8,5;20,7;-4,3;12,5;5,7;3;0;0;0;994,4;1012,9;971,5;135;3;8;74;100;37;15,5;7;104;37;12;5904
201512;AT1;AT13;AT130;4,1;14,9;-4,8;7,2;1,9;6;0;0;0;1004,8;1012,9;990,8;83;0;19;87;100;52;10,1;3;102;25;6;5904
201601;AT1;AT13;AT130;0,8;16,4;-9,6;4,2;-1,9;18;8;0;0;990,8;1008,8;967,4;81;1;17;80;100;45;13,3;7;92;43;13;5904
201602;AT1;AT13;AT130;6,4;19,7;-1,1;9,9;3,8;3;0;0;0;987,4;1008,1;968,1;82;0;16;75;98;33;15,1;8;77;71;17;5904
201603;AT1;AT13;AT130;6,6;22,9;-0,9;11;3,4;2;0;0;0;989,1;1005,6;972,1;129;2;17;72;97;38;12,6;4;75;21;14;5904
201604;AT1;AT13;AT130;11,2;23,7;0,3;16,9;6,4;0;0;0;0;987,9;1002,4;978,3;201;3;8;65;92;30;11,9;3;66;44;11;5904
201605;AT1;AT13;AT130;15,7;27,9;6,5;20,8;11,2;0;0;6;0;988,5;1000,5;968,9;235;0;10;67;98;29;15,1;6;74;132;14;5904
201606;AT1;AT13;AT130;20,4;32,9;10,9;25,7;15,5;0;0;15;6;989,3;1000,6;975,9;276;4;9;65;96;28;12,2;4;84;79;16;5904
201607;AT1;AT13;AT130;22,2;33,7;12,5;27,6;17,4;0;0;24;8;991,8;998,4;983,6;287;1;7;64;96;33;11,5;3;82;85;13;5904
201608;AT1;AT13;AT130;20,3;31,5;10,3;26,2;15,5;0;0;24;3;994,8;1003,3;985,8;271;6;6;66;96;36;10,8;0;59;59;9;5904
201609;AT1;AT13;AT130;18,4;30,5;6,7;25,1;13,8;0;0;16;3;993,8;1003,4;984,6;260;7;5;70;96;29;8,6;1;74;23;7;5904
201610;AT1;AT13;AT130;9,8;23,8;2,7;13,2;7,5;0;0;0;0;995,7;1008,4;987,3;83;2;18;83;99;47;11,5;1;61;88;15;5904
201611;AT1;AT13;AT130;4,9;17,7;-4,5;8,2;2,6;8;0;0;0;992,5;1008,9;974,4;86;1;11;82;99;41;10,8;2;72;58;17;5904
201612;AT1;AT13;AT130;1,4;13,7;-6,1;4,3;-0,5;21;5;0;0;1004,5;1015,5;983,9;78;4;13;82;100;37;13;7;110;29;13;5904
201701;AT1;AT13;AT130;-3,4;7,4;-12,6;-0,7;-5,5;29;20;0;0;998,6;1011,9;972,8;96;4;10;77;96;40;14,8;7;104;21;11;5904
201702;AT1;AT13;AT130;3,1;18,8;-4,3;7;0,3;14;1;0;0;994,4;1010,6;973,8;97;3;14;78;100;29;11,5;6;85;29;10;5904
201703;AT1;AT13;AT130;9,4;22,5;0,8;14,8;5,3;0;0;0;0;992,4;1003,5;975,6;175;3;9;62;93;23;13,7;6;96;40;10;5904
201704;AT1;AT13;AT130;10,1;24,6;0,9;15,2;6,1;0;0;0;0;992,4;1005,2;979,9;180;3;15;66;98;23;14,8;6;69;73;17;5904
201705;AT1;AT13;AT130;16,7;32,4;0,8;22,4;11,4;0;0;9;1;991,5;1004,8;977,7;264;3;7;64;100;32;13,3;2;90;44;12;5904
201706;AT1;AT13;AT130;22,2;34,6;11,5;28,4;16,3;0;0;27;9;989,7;999;971,5;323;3;4;53;94;24;12,6;7;77;32;11;5904
201707;AT1;AT13;AT130;22,2;34,6;11,9;28,3;16,8;0;0;22;13;990;999,4;980,4;284;0;3;58;96;24;13;5;81;66;16;5904
201708;AT1;AT13;AT130;22,6;38,4;10,8;29,3;17,3;0;0;24;15;992,8;997,8;978,1;296;5;4;58;94;20;11,2;5;84;42;6;5904
201709;AT1;AT13;AT130;14,9;27,3;7,2;19,9;11,5;0;0;3;0;991,2;1003;976,7;154;3;12;73;97;32;13;1;91;93;15;5904
201710;AT1;AT13;AT130;12,1;23,2;4,8;16,8;8,9;0;0;0;0;994,5;1004,3;970,6;144;3;11;75;100;26;14,8;7;118;64;15;5904
201711;AT1;AT13;AT130;6,2;16,6;-1;9,4;3,9;2;0;0;0;991,6;1002,6;973;73;1;22;78;100;41;13,7;7;85;41;14;5904
201712;AT1;AT13;AT130;3;14,8;-4,8;6,1;0,7;12;0;0;0;991,6;1008,9;966,8;78;1;14;76;100;46;16,6;13;94;43;10;5904
201801;AT1;AT13;AT130;4,2;14,4;-2,3;6,8;2,1;4;0;0;0;992,4;1009,5;972,2;51;0;20;82;98;52;14,4;8;85;46;19;5904
201802;AT1;AT13;AT130;-0,7;6,2;-12,1;1,7;-2,2;18;4;0;0;992,9;1003,4;978,8;59;0;20;76;97;47;14,4;0;53;26;19;5904
201803;AT1;AT13;AT130;3,5;15,9;-12,4;7,7;0,6;15;5;0;0;982,8;1000,8;986,7;109;1;18;72;97;24;13;1;61;50;17;5904
201804;AT1;AT13;AT130;15,8;29,2;2,2;22,4;10,2;0;0;10;0;990,3;1007,7;974,8;285;4;8;59;94;23;14;2;68;8;5;5904
201805;AT1;AT13;AT130;18,7;29,6;10,2;24,4;13,8;0;0;16;0;991,3;997,9;983,3;292;1;7;59;97;27;11,9;0;55;73;10;5904
201806;AT1;AT13;AT130;21,3;33,5;11,6;26,7;16,9;0;0;19;6;990,9;999,5;981,6;223;1;13;60;95;29;13,7;1;61;47;11;5904
201807;AT1;AT13;AT130;22,7;33,4;9,4;28,5;17,6;0;0;27;10;990,3;994,8;986;304;4;4;57;96;25;12,2;2;66;128;13;5904
201808;AT1;AT13;AT130;23,4;35,2;10,4;30,3;18;0;0;27;20;992,6;999,1;984,1;307;4;2;58;93;24;10,4;2;72;48;8;5904
201809;AT1;AT13;AT130;17,4;30,4;3,1;23,6;13;0;0;14;1;996,7;1014,5;984,1;240;7;7;69;97;27;10,4;2;89;99;8;5904
201810;AT1;AT13;AT130;13;23,3;4,6;18,4;9,1;0;0;0;0;994,6;1004,2;977,3;198;7;8;72;97;30;10,4;5;102;29;9;5904
201811;AT1;AT13;AT130;6,6;18,1;-5,2;9,2;4,6;6;1;0;0;996,3;1008,2;978,7;67;3;19;85;100;49;11,5;1;64;50;12;5904
201812;AT1;AT13;AT130;3;12,6;-3,1;5,3;1;11;3;0;0;995,8;1006,5;977,1;53;1;21;80;100;53;15,5;9;90;112;21;5904
201901;AT1;AT13;AT130;0,9;12,1;-8,2;3,3;-1,2;19;3;0;0;988,4;1006,4;971,3;60;1;20;76;96;46;17,6;18;92;72;17;5904
201902;AT1;AT13;AT130;4,9;18,7;-4,8;9,9;1,2;13;0;0;0;999,1;1018,2;972,2;156;4;8;67;98;25;13,3;5;77;16;8;5904
201903;AT1;AT13;AT130;8,8;21,2;-0,9;14,6;4,7;1;0;0;0;993,8;1011,5;974,5;178;3;10;64;98;30;14;14;91;54;13;5904
201904;AT1;AT13;AT130;12;27,2;1,7;17,9;7,4;0;0;2;0;990,7;1006,5;977,5;241;7;10;59;94;19;15,1;6;88;27;9;5904
201905;AT1;AT13;AT130;13,2;25,3;2,8;17,9;9,5;0;0;2;0;988,7;1005,9;977,8;155;0;18;71;96;30;15,8;4;74;146;19;5904
201906;AT1;AT13;AT130;23,8;35,7;14,1;29,5;18,1;0;0;27;12;991,8;1000,3;984,1;356;5;3;58;94;24;12,2;3;82;48;5;5904
201907;AT1;AT13;AT130;22,5;37;13,3;28,4;17,1;0;0;25;12;989,4;999,1;976,7;276;2;9;57;94;20;12,2;1;66;60;12;5904
201908;AT1;AT13;AT130;22,6;34,4;12,5;28,6;17,7;0;0;26;13;992,4;1002,4;981,5;254;0;8;64;95;26;10,4;4;79;52;12;5904
201909;AT1;AT13;AT130;16,7;31,7;5,5;22,4;12,6;0;0;4;1;994;1007,3;980,2;215;4;8;69;97;27;11,5;2;86;62;10;5904
201910;AT1;AT13;AT130;12;25,3;-0,1;17;8,7;1;0;1;0;992,2;1002,6;979,1;135;2;9;79;100;38;10,4;3;81;26;12;5904
201911;AT1;AT13;AT130;7,9;18,2;-1,4;10,8;5,6;1;0;0;0;984;999,3;966,7;48;1;19;83;100;46;13,7;2;84;48;14;5904
201912;AT1;AT13;AT130;3,6;13,8;-4;6,8;1,2;11;0;0;0;991;1013,7;961,3;74;1;19;79;100;39;12,6;6;76;64;11;5904
202001;AT1;AT13;AT130;1,4;15,8;-4,7;4,2;-0,9;22;2;0;0;1000,9;1021;978,5;69;0;17;84;100;50;10,8;4;88;19;8;5904
202002;AT1;AT13;AT130;6,6;18,4;-2,3;11,3;3,2;3;0;0;0;991,6;1004,4;972,2;108;1;12;65;94;22;18;16;108;52;15;5904
